Input System module state changed to: Initialized.
[Physics::Module] Initialized fallback backend.
[Physics::Module] Id: 0xdecafbad
Initialize engine version: 6000.3.12f1 (fca03ac9b0d5)
[Subsystems] Discovering subsystems at path S:/common/Sledding Game/Sledding Game_Data/UnitySubsystems
[D3D12 Device Filter] Vendor Name: NVIDIA
[D3D12 Device Filter] Device Name: NVIDIA GeForce RTX 4080 SUPER
[D3D12 Device Filter] Driver Version: 35.0.19.9999
[D3D12 Device Filter] Feature Level: 12.2
[D3D12 Device Filter] Graphics Memory: 16376 MB
[D3D12 Device Filter] Processor Count: 16
[D3D12 Device Filter] Device Type: Discrete
GfxDevice: creating device client; kGfxThreadingModeSplitJobs
d3d12: could not load DirectML.dll.
d3d12: failed to query info queue interface (0x80004002).
Direct3D:
    Version:         Direct3D 12 [level 12.2]
    Renderer:        NVIDIA GeForce RTX 4080 SUPER (ID=0x2702)
    Vendor:          NVIDIA
    VRAM:            16376 MB
    App VRAM Budget: 11669 MB
    Driver:          35.0.19.9999
D3D12 MachineLearning context creation failure : null DML device.[Physics::Module] Selected backend.
[Physics::Module] Name: PhysX
[Physics::Module] Id: 0xf2b8ea05
[Physics::Module] SDK Version: 4.1.2
[Physics::Module] Integration Version: 1.0.0
[Physics::Module] Threading Mode: Multi-Threaded
CurrentPlatform has been assigned as Windows.
UnityEngine.DebugLogHandler:Internal_Log(LogType, LogOption, String, Object)
UnityEngine.Logger:Log(LogType, Object)
UnityEngine.Debug:Log(Object)
PlayEveryWare.EpicOnlineServices.PlatformManager:.cctor()
PlayEveryWare.EpicOnlineServices.Switch2Config:.cctor()

Switch2Config recognized by initialization routine.
UnityEngine.DebugLogHandler:Internal_Log(LogType, LogOption, String, Object)
UnityEngine.Logger:Log(LogType, Object)
UnityEngine.Debug:Log(Object)

XboxOneConfig recognized by initialization routine.
UnityEngine.DebugLogHandler:Internal_Log(LogType, LogOption, String, Object)
UnityEngine.Logger:Log(LogType, Object)
UnityEngine.Debug:Log(Object)

XboxSeriesXConfig recognized by initialization routine.
UnityEngine.DebugLogHandler:Internal_Log(LogType, LogOption, String, Object)
UnityEngine.Logger:Log(LogType, Object)
UnityEngine.Debug:Log(Object)

<RI> Initializing input.
Using Windows.Gaming.Input
Input System polling thread started.
<RI> Input initialized.
Rewired: Rewired is not initialized. Do you have a Rewired Input Manager in the scene and enabled?
------- Rewired System Info -------
Unity version: 6000.3.12f1
Rewired version: 1.1.62.7.U6000
Platform: Unknown
Using Unity input: False

[RuntimeToggles] API=Direct3D12 Flags: 
UnityEngine.DebugLogHandler:Internal_Log(LogType, LogOption, String, Object)
UnityEngine.Logger:Log(LogType, Object)
UnityEngine.Debug:Log(Object)

UnloadTime: 0.482900 ms
Rewired: Rewired is not initialized. Do you have a Rewired Input Manager in the scene and enabled?
------- Rewired System Info -------
Unity version: 6000.3.12f1
Rewired version: 1.1.62.7.U6000
Platform: Unknown
Using Unity input: False

RenderGraph is now disabled.
UnityEngine.DebugLogHandler:Internal_Log(LogType, LogOption, String, Object)
UnityEngine.Logger:Log(LogType, Object)
UnityEngine.Debug:Log(Object)
UnityEngine.Rendering.Universal.UniversalRenderPipeline:.ctor(UniversalRenderPipelineAsset)
UnityEngine.Rendering.Universal.UniversalRenderPipelineAsset:CreatePipeline()
UnityEngine.Rendering.RenderPipelineAsset:InternalCreatePipeline()
UnityEngine.Rendering.RenderPipelineManager:TryPrepareRenderPipeline(RenderPipelineAsset)
UnityEngine.Rendering.RenderPipelineManager:DoRenderLoop_Internal(RenderPipelineAsset, IntPtr, Object)

Rewired: Rewired is not initialized. Do you have a Rewired Input Manager in the scene and enabled?
------- Rewired System Info -------
Unity version: 6000.3.12f1
Rewired version: 1.1.62.7.U6000
Platform: Unknown
Using Unity input: False

Rewired: Rewired is not initialized. Do you have a Rewired Input Manager in the scene and enabled?
------- Rewired System Info -------
Unity version: 6000.3.12f1
Rewired version: 1.1.62.7.U6000
Platform: Unknown
Using Unity input: False

Rewired: Rewired is not initialized. Do you have a Rewired Input Manager in the scene and enabled?
------- Rewired System Info -------
Unity version: 6000.3.12f1
Rewired version: 1.1.62.7.U6000
Platform: Unknown
Using Unity input: False

Rewired: Rewired is not initialized. Do you have a Rewired Input Manager in the scene and enabled?
------- Rewired System Info -------
Unity version: 6000.3.12f1
Rewired version: 1.1.62.7.U6000
Platform: Unknown
Using Unity input: False

Rewired: Rewired is not initialized. Do you have a Rewired Input Manager in the scene and enabled?
------- Rewired System Info -------
Unity version: 6000.3.12f1
Rewired version: 1.1.62.7.U6000
Platform: Unknown
Using Unity input: False

Rewired: Rewired is not initialized. Do you have a Rewired Input Manager in the scene and enabled?
------- Rewired System Info -------
Unity version: 6000.3.12f1
Rewired version: 1.1.62.7.U6000
Platform: Unknown
Using Unity input: False

Rewired: Rewired is not initialized. Do you have a Rewired Input Manager in the scene and enabled?
------- Rewired System Info -------
Unity version: 6000.3.12f1
Rewired version: 1.1.62.7.U6000
Platform: Unknown
Using Unity input: False

Rewired: Rewired is not initialized. Do you have a Rewired Input Manager in the scene and enabled?
------- Rewired System Info -------
Unity version: 6000.3.12f1
Rewired version: 1.1.62.7.U6000
Platform: Unknown
Using Unity input: False

Rewired: Rewired is not initialized. Do you have a Rewired Input Manager in the scene and enabled?
------- Rewired System Info -------
Unity version: 6000.3.12f1
Rewired version: 1.1.62.7.U6000
Platform: Unknown
Using Unity input: False

Rewired: Rewired is not initialized. Do you have a Rewired Input Manager in the scene and enabled?
------- Rewired System Info -------
Unity version: 6000.3.12f1
Rewired version: 1.1.62.7.U6000
Platform: Unknown
Using Unity input: False

Rewired: Rewired is not initialized. Do you have a Rewired Input Manager in the scene and enabled?
------- Rewired System Info -------
Unity version: 6000.3.12f1
Rewired version: 1.1.62.7.U6000
Platform: Unknown
Using Unity input: False

Rewired: Rewired is not initialized. Do you have a Rewired Input Manager in the scene and enabled?
------- Rewired System Info -------
Unity version: 6000.3.12f1
Rewired version: 1.1.62.7.U6000
Platform: Unknown
Using Unity input: False

Rewired: Rewired is not initialized. Do you have a Rewired Input Manager in the scene and enabled?
------- Rewired System Info -------
Unity version: 6000.3.12f1
Rewired version: 1.1.62.7.U6000
Platform: Unknown
Using Unity input: False

Rewired: Rewired is not initialized. Do you have a Rewired Input Manager in the scene and enabled?
------- Rewired System Info -------
Unity version: 6000.3.12f1
Rewired version: 1.1.62.7.U6000
Platform: Unknown
Using Unity input: False

Rewired: Rewired is not initialized. Do you have a Rewired Input Manager in the scene and enabled?
------- Rewired System Info -------
Unity version: 6000.3.12f1
Rewired version: 1.1.62.7.U6000
Platform: Unknown
Using Unity input: False

Rewired: Rewired is not initialized. Do you have a Rewired Input Manager in the scene and enabled?
------- Rewired System Info -------
Unity version: 6000.3.12f1
Rewired version: 1.1.62.7.U6000
Platform: Unknown
Using Unity input: False

Rewired: Rewired is not initialized. Do you have a Rewired Input Manager in the scene and enabled?
------- Rewired System Info -------
Unity version: 6000.3.12f1
Rewired version: 1.1.62.7.U6000
Platform: Unknown
Using Unity input: False

Rewired: Rewired is not initialized. Do you have a Rewired Input Manager in the scene and enabled?
------- Rewired System Info -------
Unity version: 6000.3.12f1
Rewired version: 1.1.62.7.U6000
Platform: Unknown
Using Unity input: False

Rewired: Rewired is not initialized. Do you have a Rewired Input Manager in the scene and enabled?
------- Rewired System Info -------
Unity version: 6000.3.12f1
Rewired version: 1.1.62.7.U6000
Platform: Unknown
Using Unity input: False

Rewired: Rewired is not initialized. Do you have a Rewired Input Manager in the scene and enabled?
------- Rewired System Info -------
Unity version: 6000.3.12f1
Rewired version: 1.1.62.7.U6000
Platform: Unknown
Using Unity input: False

Rewired: Rewired is not initialized. Do you have a Rewired Input Manager in the scene and enabled?
------- Rewired System Info -------
Unity version: 6000.3.12f1
Rewired version: 1.1.62.7.U6000
Platform: Unknown
Using Unity input: False

Rewired: Rewired is not initialized. Do you have a Rewired Input Manager in the scene and enabled?
------- Rewired System Info -------
Unity version: 6000.3.12f1
Rewired version: 1.1.62.7.U6000
Platform: Unknown
Using Unity input: False

Rewired: Rewired is not initialized. Do you have a Rewired Input Manager in the scene and enabled?
------- Rewired System Info -------
Unity version: 6000.3.12f1
Rewired version: 1.1.62.7.U6000
Platform: Unknown
Using Unity input: False

Rewired: Rewired is not initialized. Do you have a Rewired Input Manager in the scene and enabled?
------- Rewired System Info -------
Unity version: 6000.3.12f1
Rewired version: 1.1.62.7.U6000
Platform: Unknown
Using Unity input: False

Rewired: Rewired is not initialized. Do you have a Rewired Input Manager in the scene and enabled?
------- Rewired System Info -------
Unity version: 6000.3.12f1
Rewired version: 1.1.62.7.U6000
Platform: Unknown
Using Unity input: False

Rewired: Rewired is not initialized. Do you have a Rewired Input Manager in the scene and enabled?
------- Rewired System Info -------
Unity version: 6000.3.12f1
Rewired version: 1.1.62.7.U6000
Platform: Unknown
Using Unity input: False

Rewired: Rewired is not initialized. Do you have a Rewired Input Manager in the scene and enabled?
------- Rewired System Info -------
Unity version: 6000.3.12f1
Rewired version: 1.1.62.7.U6000
Platform: Unknown
Using Unity input: False

Rewired: Rewired is not initialized. Do you have a Rewired Input Manager in the scene and enabled?
------- Rewired System Info -------
Unity version: 6000.3.12f1
Rewired version: 1.1.62.7.U6000
Platform: Unknown
Using Unity input: False

Rewired: Rewired is not initialized. Do you have a Rewired Input Manager in the scene and enabled?
------- Rewired System Info -------
Unity version: 6000.3.12f1
Rewired version: 1.1.62.7.U6000
Platform: Unknown
Using Unity input: False

Rewired: Rewired is not initialized. Do you have a Rewired Input Manager in the scene and enabled?
------- Rewired System Info -------
Unity version: 6000.3.12f1
Rewired version: 1.1.62.7.U6000
Platform: Unknown
Using Unity input: False

Rewired: Rewired is not initialized. Do you have a Rewired Input Manager in the scene and enabled?
------- Rewired System Info -------
Unity version: 6000.3.12f1
Rewired version: 1.1.62.7.U6000
Platform: Unknown
Using Unity input: False

Rewired: Rewired is not initialized. Do you have a Rewired Input Manager in the scene and enabled?
------- Rewired System Info -------
Unity version: 6000.3.12f1
Rewired version: 1.1.62.7.U6000
Platform: Unknown
Using Unity input: False

Rewired: Rewired is not initialized. Do you have a Rewired Input Manager in the scene and enabled?
------- Rewired System Info -------
Unity version: 6000.3.12f1
Rewired version: 1.1.62.7.U6000
Platform: Unknown
Using Unity input: False

Rewired: Rewired is not initialized. Do you have a Rewired Input Manager in the scene and enabled?
------- Rewired System Info -------
Unity version: 6000.3.12f1
Rewired version: 1.1.62.7.U6000
Platform: Unknown
Using Unity input: False

Rewired: Rewired is not initialized. Do you have a Rewired Input Manager in the scene and enabled?
------- Rewired System Info -------
Unity version: 6000.3.12f1
Rewired version: 1.1.62.7.U6000
Platform: Unknown
Using Unity input: False

Rewired: Rewired is not initialized. Do you have a Rewired Input Manager in the scene and enabled?
------- Rewired System Info -------
Unity version: 6000.3.12f1
Rewired version: 1.1.62.7.U6000
Platform: Unknown
Using Unity input: False

Rewired: Rewired is not initialized. Do you have a Rewired Input Manager in the scene and enabled?
------- Rewired System Info -------
Unity version: 6000.3.12f1
Rewired version: 1.1.62.7.U6000
Platform: Unknown
Using Unity input: False

Rewired: Rewired is not initialized. Do you have a Rewired Input Manager in the scene and enabled?
------- Rewired System Info -------
Unity version: 6000.3.12f1
Rewired version: 1.1.62.7.U6000
Platform: Unknown
Using Unity input: False

Rewired: Rewired is not initialized. Do you have a Rewired Input Manager in the scene and enabled?
------- Rewired System Info -------
Unity version: 6000.3.12f1
Rewired version: 1.1.62.7.U6000
Platform: Unknown
Using Unity input: False

Rewired: Rewired is not initialized. Do you have a Rewired Input Manager in the scene and enabled?
------- Rewired System Info -------
Unity version: 6000.3.12f1
Rewired version: 1.1.62.7.U6000
Platform: Unknown
Using Unity input: False

Rewired: Rewired is not initialized. Do you have a Rewired Input Manager in the scene and enabled?
------- Rewired System Info -------
Unity version: 6000.3.12f1
Rewired version: 1.1.62.7.U6000
Platform: Unknown
Using Unity input: False

Rewired: Rewired is not initialized. Do you have a Rewired Input Manager in the scene and enabled?
------- Rewired System Info -------
Unity version: 6000.3.12f1
Rewired version: 1.1.62.7.U6000
Platform: Unknown
Using Unity input: False

Rewired: Rewired is not initialized. Do you have a Rewired Input Manager in the scene and enabled?
------- Rewired System Info -------
Unity version: 6000.3.12f1
Rewired version: 1.1.62.7.U6000
Platform: Unknown
Using Unity input: False

Rewired: Rewired is not initialized. Do you have a Rewired Input Manager in the scene and enabled?
------- Rewired System Info -------
Unity version: 6000.3.12f1
Rewired version: 1.1.62.7.U6000
Platform: Unknown
Using Unity input: False

Rewired: Rewired is not initialized. Do you have a Rewired Input Manager in the scene and enabled?
------- Rewired System Info -------
Unity version: 6000.3.12f1
Rewired version: 1.1.62.7.U6000
Platform: Unknown
Using Unity input: False

Color primaries 0 is unknown or unsupported by WindowsMediaFoundation. Falling back to default may result in color shift. S:/common/Sledding Game/Sledding Game_Data/sharedassets0.resource
Rewired: Rewired is not initialized. Do you have a Rewired Input Manager in the scene and enabled?
------- Rewired System Info -------
Unity version: 6000.3.12f1
Rewired version: 1.1.62.7.U6000
Platform: Unknown
Using Unity input: False

Rewired: Rewired is not initialized. Do you have a Rewired Input Manager in the scene and enabled?
------- Rewired System Info -------
Unity version: 6000.3.12f1
Rewired version: 1.1.62.7.U6000
Platform: Unknown
Using Unity input: False

Rewired: Rewired is not initialized. Do you have a Rewired Input Manager in the scene and enabled?
------- Rewired System Info -------
Unity version: 6000.3.12f1
Rewired version: 1.1.62.7.U6000
Platform: Unknown
Using Unity input: False

Rewired: Rewired is not initialized. Do you have a Rewired Input Manager in the scene and enabled?
------- Rewired System Info -------
Unity version: 6000.3.12f1
Rewired version: 1.1.62.7.U6000
Platform: Unknown
Using Unity input: False

Rewired: Rewired is not initialized. Do you have a Rewired Input Manager in the scene and enabled?
------- Rewired System Info -------
Unity version: 6000.3.12f1
Rewired version: 1.1.62.7.U6000
Platform: Unknown
Using Unity input: False

Rewired: Rewired is not initialized. Do you have a Rewired Input Manager in the scene and enabled?
------- Rewired System Info -------
Unity version: 6000.3.12f1
Rewired version: 1.1.62.7.U6000
Platform: Unknown
Using Unity input: False

Rewired: Rewired is not initialized. Do you have a Rewired Input Manager in the scene and enabled?
------- Rewired System Info -------
Unity version: 6000.3.12f1
Rewired version: 1.1.62.7.U6000
Platform: Unknown
Using Unity input: False

Rewired: Rewired is not initialized. Do you have a Rewired Input Manager in the scene and enabled?
------- Rewired System Info -------
Unity version: 6000.3.12f1
Rewired version: 1.1.62.7.U6000
Platform: Unknown
Using Unity input: False

Rewired: Rewired is not initialized. Do you have a Rewired Input Manager in the scene and enabled?
------- Rewired System Info -------
Unity version: 6000.3.12f1
Rewired version: 1.1.62.7.U6000
Platform: Unknown
Using Unity input: False

Rewired: Rewired is not initialized. Do you have a Rewired Input Manager in the scene and enabled?
------- Rewired System Info -------
Unity version: 6000.3.12f1
Rewired version: 1.1.62.7.U6000
Platform: Unknown
Using Unity input: False

Rewired: Rewired is not initialized. Do you have a Rewired Input Manager in the scene and enabled?
------- Rewired System Info -------
Unity version: 6000.3.12f1
Rewired version: 1.1.62.7.U6000
Platform: Unknown
Using Unity input: False

Rewired: Rewired is not initialized. Do you have a Rewired Input Manager in the scene and enabled?
------- Rewired System Info -------
Unity version: 6000.3.12f1
Rewired version: 1.1.62.7.U6000
Platform: Unknown
Using Unity input: False

Rewired: Rewired is not initialized. Do you have a Rewired Input Manager in the scene and enabled?
------- Rewired System Info -------
Unity version: 6000.3.12f1
Rewired version: 1.1.62.7.U6000
Platform: Unknown
Using Unity input: False

Rewired: Rewired is not initialized. Do you have a Rewired Input Manager in the scene and enabled?
------- Rewired System Info -------
Unity version: 6000.3.12f1
Rewired version: 1.1.62.7.U6000
Platform: Unknown
Using Unity input: False

Rewired: Rewired is not initialized. Do you have a Rewired Input Manager in the scene and enabled?
------- Rewired System Info -------
Unity version: 6000.3.12f1
Rewired version: 1.1.62.7.U6000
Platform: Unknown
Using Unity input: False

Rewired: Rewired is not initialized. Do you have a Rewired Input Manager in the scene and enabled?
------- Rewired System Info -------
Unity version: 6000.3.12f1
Rewired version: 1.1.62.7.U6000
Platform: Unknown
Using Unity input: False

Rewired: Rewired is not initialized. Do you have a Rewired Input Manager in the scene and enabled?
------- Rewired System Info -------
Unity version: 6000.3.12f1
Rewired version: 1.1.62.7.U6000
Platform: Unknown
Using Unity input: False

Rewired: Rewired is not initialized. Do you have a Rewired Input Manager in the scene and enabled?
------- Rewired System Info -------
Unity version: 6000.3.12f1
Rewired version: 1.1.62.7.U6000
Platform: Unknown
Using Unity input: False

Rewired: Rewired is not initialized. Do you have a Rewired Input Manager in the scene and enabled?
------- Rewired System Info -------
Unity version: 6000.3.12f1
Rewired version: 1.1.62.7.U6000
Platform: Unknown
Using Unity input: False

Rewired: Rewired is not initialized. Do you have a Rewired Input Manager in the scene and enabled?
------- Rewired System Info -------
Unity version: 6000.3.12f1
Rewired version: 1.1.62.7.U6000
Platform: Unknown
Using Unity input: False

Rewired: Rewired is not initialized. Do you have a Rewired Input Manager in the scene and enabled?
------- Rewired System Info -------
Unity version: 6000.3.12f1
Rewired version: 1.1.62.7.U6000
Platform: Unknown
Using Unity input: False

Rewired: Rewired is not initialized. Do you have a Rewired Input Manager in the scene and enabled?
------- Rewired System Info -------
Unity version: 6000.3.12f1
Rewired version: 1.1.62.7.U6000
Platform: Unknown
Using Unity input: False

Rewired: Rewired is not initialized. Do you have a Rewired Input Manager in the scene and enabled?
------- Rewired System Info -------
Unity version: 6000.3.12f1
Rewired version: 1.1.62.7.U6000
Platform: Unknown
Using Unity input: False

Rewired: Rewired is not initialized. Do you have a Rewired Input Manager in the scene and enabled?
------- Rewired System Info -------
Unity version: 6000.3.12f1
Rewired version: 1.1.62.7.U6000
Platform: Unknown
Using Unity input: False

Rewired: Rewired is not initialized. Do you have a Rewired Input Manager in the scene and enabled?
------- Rewired System Info -------
Unity version: 6000.3.12f1
Rewired version: 1.1.62.7.U6000
Platform: Unknown
Using Unity input: False

Rewired: Rewired is not initialized. Do you have a Rewired Input Manager in the scene and enabled?
------- Rewired System Info -------
Unity version: 6000.3.12f1
Rewired version: 1.1.62.7.U6000
Platform: Unknown
Using Unity input: False

Rewired: Rewired is not initialized. Do you have a Rewired Input Manager in the scene and enabled?
------- Rewired System Info -------
Unity version: 6000.3.12f1
Rewired version: 1.1.62.7.U6000
Platform: Unknown
Using Unity input: False

Rewired: Rewired is not initialized. Do you have a Rewired Input Manager in the scene and enabled?
------- Rewired System Info -------
Unity version: 6000.3.12f1
Rewired version: 1.1.62.7.U6000
Platform: Unknown
Using Unity input: False

Rewired: Rewired is not initialized. Do you have a Rewired Input Manager in the scene and enabled?
------- Rewired System Info -------
Unity version: 6000.3.12f1
Rewired version: 1.1.62.7.U6000
Platform: Unknown
Using Unity input: False

Rewired: Rewired is not initialized. Do you have a Rewired Input Manager in the scene and enabled?
------- Rewired System Info -------
Unity version: 6000.3.12f1
Rewired version: 1.1.62.7.U6000
Platform: Unknown
Using Unity input: False

Rewired: Rewired is not initialized. Do you have a Rewired Input Manager in the scene and enabled?
------- Rewired System Info -------
Unity version: 6000.3.12f1
Rewired version: 1.1.62.7.U6000
Platform: Unknown
Using Unity input: False

Rewired: Rewired is not initialized. Do you have a Rewired Input Manager in the scene and enabled?
------- Rewired System Info -------
Unity version: 6000.3.12f1
Rewired version: 1.1.62.7.U6000
Platform: Unknown
Using Unity input: False

Rewired: Rewired is not initialized. Do you have a Rewired Input Manager in the scene and enabled?
------- Rewired System Info -------
Unity version: 6000.3.12f1
Rewired version: 1.1.62.7.U6000
Platform: Unknown
Using Unity input: False

Rewired: Rewired is not initialized. Do you have a Rewired Input Manager in the scene and enabled?
------- Rewired System Info -------
Unity version: 6000.3.12f1
Rewired version: 1.1.62.7.U6000
Platform: Unknown
Using Unity input: False

Rewired: Rewired is not initialized. Do you have a Rewired Input Manager in the scene and enabled?
------- Rewired System Info -------
Unity version: 6000.3.12f1
Rewired version: 1.1.62.7.U6000
Platform: Unknown
Using Unity input: False

Rewired: Rewired is not initialized. Do you have a Rewired Input Manager in the scene and enabled?
------- Rewired System Info -------
Unity version: 6000.3.12f1
Rewired version: 1.1.62.7.U6000
Platform: Unknown
Using Unity input: False

Rewired: Rewired is not initialized. Do you have a Rewired Input Manager in the scene and enabled?
------- Rewired System Info -------
Unity version: 6000.3.12f1
Rewired version: 1.1.62.7.U6000
Platform: Unknown
Using Unity input: False

Rewired: Rewired is not initialized. Do you have a Rewired Input Manager in the scene and enabled?
------- Rewired System Info -------
Unity version: 6000.3.12f1
Rewired version: 1.1.62.7.U6000
Platform: Unknown
Using Unity input: False

Rewired: Rewired is not initialized. Do you have a Rewired Input Manager in the scene and enabled?
------- Rewired System Info -------
Unity version: 6000.3.12f1
Rewired version: 1.1.62.7.U6000
Platform: Unknown
Using Unity input: False

Rewired: Rewired is not initialized. Do you have a Rewired Input Manager in the scene and enabled?
------- Rewired System Info -------
Unity version: 6000.3.12f1
Rewired version: 1.1.62.7.U6000
Platform: Unknown
Using Unity input: False

Rewired: Rewired is not initialized. Do you have a Rewired Input Manager in the scene and enabled?
------- Rewired System Info -------
Unity version: 6000.3.12f1
Rewired version: 1.1.62.7.U6000
Platform: Unknown
Using Unity input: False

The referenced script on this Behaviour (Game Object 'Rewired Input Manager') is missing!
Unloading 6 Unused Serialized files (Serialized files now loaded: 0)
UnloadTime: 0.214300 ms
Unloading 10 unused Assets to reduce memory usage. Loaded Objects now: 9076.
Total: 12.598400 ms (FindLiveObjects: 0.533300 ms CreateObjectMapping: 0.516900 ms MarkObjects: 11.486200 ms  DeleteObjects: 0.061300 ms)

[LobbyManager] Instance set. Calling InitCargoDelayed()...
UnityEngine.DebugLogHandler:Internal_Log(LogType, LogOption, String, Object)
UnityEngine.Logger:Log(LogType, Object)
UnityEngine.Debug:Log(Object)
_Scripts.Managers.LobbyManager:Awake()
UnityEngine.GameObject:Internal_AddComponentWithType(Type)
UnityEngine.GameObject:AddComponent()
_Scripts.Managers.GameInfo:Awake()

[LobbyManager] InitCargoDelayed started. Waiting 1s...
UnityEngine.DebugLogHandler:Internal_Log(LogType, LogOption, String, Object)
UnityEngine.Logger:Log(LogType, Object)
UnityEngine.Debug:Log(Object)
_Scripts.Managers.<InitCargoDelayed>d__23:MoveNext()
_Scripts.Managers.LobbyManager:Awake()
UnityEngine.GameObject:Internal_AddComponentWithType(Type)
UnityEngine.GameObject:AddComponent()
_Scripts.Managers.GameInfo:Awake()

NullReferenceException: Object reference not set to an instance of an object.
PlayerPrefsManager::Waiting for IOModule to initialise...
UnityEngine.DebugLogHandler:Internal_Log(LogType, LogOption, String, Object)
UnityEngine.Logger:Log(LogType, Object)
UnityEngine.Debug:Log(Object)
<StartBootAsync>d__21:MoveNext()
PlayerPrefsManager:StartBoot()
_Scripts.Boot.BootSceneManager:InitializeBootables()

Booting 5 bootables from 5 components.
UnityEngine.DebugLogHandler:Internal_Log(LogType, LogOption, String, Object)
UnityEngine.Logger:Log(LogType, Object)
UnityEngine.Debug:Log(Object)
_Scripts.Boot.BootSceneManager:InitializeBootables()

Initializing cargo32 Port...
UnityEngine.DebugLogHandler:Internal_Log(LogType, LogOption, String, Object)
UnityEngine.Logger:Log(LogType, Object)
UnityEngine.Debug:Log(Object)
cargo32.Port.API.<Init>d__0:MoveNext()
cargo32.Port.API.BootstrapComponent:Start()

cargo32 | PORT | IOMODULE | DEBUG | Instance assigned, initialising...
UnityEngine.DebugLogHandler:Internal_Log(LogType, LogOption, String, Object)
UnityEngine.Logger:Log(LogType, Object)
UnityEngine.Debug:Log(Object)
cargo32.Port.Internal.Core.Module`1:Log(String, Boolean)
cargo32.Port.Internal.Core.IO.<Bootstrap>d__6`1:MoveNext()
cargo32.Port.Internal.Core.IO.IOModule:Bootstrap()
cargo32.Port.API.<Init>d__0:MoveNext()
cargo32.Port.API.BootstrapComponent:Start()

cargo32 | PORT | IOMODULE | DEBUG | Fully initialised.
UnityEngine.DebugLogHandler:Internal_Log(LogType, LogOption, String, Object)
UnityEngine.Logger:Log(LogType, Object)
UnityEngine.Debug:Log(Object)
cargo32.Port.Internal.Core.Module`1:Log(String, Boolean)
cargo32.Port.Internal.Core.IO.<Bootstrap>d__6`1:MoveNext()
cargo32.Port.Internal.Core.IO.IOModule:Bootstrap()
cargo32.Port.API.<Init>d__0:MoveNext()
cargo32.Port.API.BootstrapComponent:Start()

cargo32 | PORT | OSKMODULE | DEBUG | Instance assigned, initialising...
UnityEngine.DebugLogHandler:Internal_Log(LogType, LogOption, String, Object)
UnityEngine.Logger:Log(LogType, Object)
UnityEngine.Debug:Log(Object)
cargo32.Port.Internal.Core.Module`1:Log(String, Boolean)
cargo32.Port.Internal.Core.OSK.<Bootstrap>d__6`1:MoveNext()
cargo32.Port.Internal.Core.IO.IOModule:Bootstrap()
cargo32.Port.API.<Init>d__0:MoveNext()
cargo32.Port.API.BootstrapComponent:Start()

cargo32 | PORT | MANAGERMODULE | DEBUG | Instance assigned, initialising...
UnityEngine.DebugLogHandler:Internal_Log(LogType, LogOption, String, Object)
UnityEngine.Logger:Log(LogType, Object)
UnityEngine.Debug:Log(Object)
cargo32.Port.Internal.Core.Module`1:Log(String, Boolean)
cargo32.Port.Internal.Core.<Bootstrap>d__6`1:MoveNext()
cargo32.Port.Internal.Core.IO.IOModule:Bootstrap()
cargo32.Port.API.<Init>d__0:MoveNext()
cargo32.Port.API.BootstrapComponent:Start()

cargo32 | PORT | MANAGERMODULE | ERROR | Steam platform settings are missing!
cargo32 | PORT | MANAGERMODULE | DEBUG | Fully initialised.
UnityEngine.DebugLogHandler:Internal_Log(LogType, LogOption, String, Object)
UnityEngine.Logger:Log(LogType, Object)
UnityEngine.Debug:Log(Object)
cargo32.Port.Internal.Core.Module`1:Log(String, Boolean)
cargo32.Port.Internal.Core.<Bootstrap>d__6`1:MoveNext()
cargo32.Port.Internal.Core.IO.IOModule:Bootstrap()
cargo32.Port.API.<Init>d__0:MoveNext()
cargo32.Port.API.BootstrapComponent:Start()

cargo32 | PORT | USERSMODULE | DEBUG | Instance assigned, initialising...
UnityEngine.DebugLogHandler:Internal_Log(LogType, LogOption, String, Object)
UnityEngine.Logger:Log(LogType, Object)
UnityEngine.Debug:Log(Object)
cargo32.Port.Internal.Core.Module`1:Log(String, Boolean)
cargo32.Port.Internal.Core.Users.<Bootstrap>d__34`1:MoveNext()
cargo32.Port.Internal.Core.IO.IOModule:Bootstrap()
cargo32.Port.API.<Init>d__0:MoveNext()
cargo32.Port.API.BootstrapComponent:Start()

cargo32 | PORT | USERSMODULE | DEBUG | Fully initialised.
UnityEngine.DebugLogHandler:Internal_Log(LogType, LogOption, String, Object)
UnityEngine.Logger:Log(LogType, Object)
UnityEngine.Debug:Log(Object)
cargo32.Port.Internal.Core.Module`1:Log(String, Boolean)
cargo32.Port.Internal.Core.Users.<Bootstrap>d__34`1:MoveNext()
cargo32.Port.Internal.Core.IO.IOModule:Bootstrap()
cargo32.Port.API.<Init>d__0:MoveNext()
cargo32.Port.API.BootstrapComponent:Start()

cargo32 | PORT | ACHIEVEMENTSMODULE | DEBUG | Instance assigned, initialising...
UnityEngine.DebugLogHandler:Internal_Log(LogType, LogOption, String, Object)
UnityEngine.Logger:Log(LogType, Object)
UnityEngine.Debug:Log(Object)
cargo32.Port.Internal.Core.Module`1:Log(String, Boolean)
cargo32.Port.Internal.Core.Achievements.<Bootstrap>d__32`1:MoveNext()
cargo32.Port.Internal.Core.Achievements.AchievementsModule:Bootstrap()
cargo32.Port.API.<Init>d__0:MoveNext()
cargo32.Port.API.BootstrapComponent:Start()

cargo32 | PORT | ACHIEVEMENTSMODULE | DEBUG | Loading achievement settings...
UnityEngine.DebugLogHandler:Internal_Log(LogType, LogOption, String, Object)
UnityEngine.Logger:Log(LogType, Object)
UnityEngine.Debug:Log(Object)
cargo32.Port.Internal.Core.Module`1:Log(String, Boolean)
cargo32.Port.Internal.Core.Achievements.<Load>d__34:MoveNext()
cargo32.Port.Internal.Core.Achievements.<Initialise>d__33:MoveNext()
cargo32.Port.Internal.Core.Achievements.AchievementsModule:Initialise(Boolean)
cargo32.Port.Internal.Steam.Achievements.<Initialise>d__0:MoveNext()
cargo32.Port.Internal.Steam.Achievements.Steam_AchievementsModule:Initialise(Boolean)
cargo32.Port.Internal.Core.Achievements.<Bootstrap>d__32`1:MoveNext()
cargo32.Port.Internal.Core.Achievements.AchievementsModule:Bootstrap()
cargo32.Port.API.<Init>d__0:MoveNext()
cargo32.Port.API.BootstrapComponent:Start()

cargo32 | PORT | GLYPHSMODULE | DEBUG | Instance assigned, initialising...
UnityEngine.DebugLogHandler:Internal_Log(LogType, LogOption, String, Object)
UnityEngine.Logger:Log(LogType, Object)
UnityEngine.Debug:Log(Object)
cargo32.Port.Internal.Core.Module`1:Log(String, Boolean)
cargo32.Port.Internal.Core.Glyphs.<Bootstrap>d__11:MoveNext()
cargo32.Port.Internal.Core.Glyphs.GlyphsModule:Bootstrap()
cargo32.Port.API.<Init>d__0:MoveNext()
cargo32.Port.API.BootstrapComponent:Start()

cargo32 | PORT | GLYPHSMODULE | DEBUG | Initialised with platform: Steam
UnityEngine.DebugLogHandler:Internal_Log(LogType, LogOption, String, Object)
UnityEngine.Logger:Log(LogType, Object)
UnityEngine.Debug:Log(Object)
cargo32.Port.Internal.Core.Module`1:Log(String, Boolean)
cargo32.Port.Internal.Core.Glyphs.GlyphsModule:Initialise(Boolean)
cargo32.Port.Internal.Core.Glyphs.<Bootstrap>d__11:MoveNext()
cargo32.Port.Internal.Core.Glyphs.GlyphsModule:Bootstrap()
cargo32.Port.API.<Init>d__0:MoveNext()
cargo32.Port.API.BootstrapComponent:Start()

cargo32 | PORT | GLYPHSMODULE | DEBUG | Fully initialised.
UnityEngine.DebugLogHandler:Internal_Log(LogType, LogOption, String, Object)
UnityEngine.Logger:Log(LogType, Object)
UnityEngine.Debug:Log(Object)
cargo32.Port.Internal.Core.Module`1:Log(String, Boolean)
cargo32.Port.Internal.Core.Glyphs.<Bootstrap>d__11:MoveNext()
cargo32.Port.Internal.Core.Glyphs.GlyphsModule:Bootstrap()
cargo32.Port.API.<Init>d__0:MoveNext()
cargo32.Port.API.BootstrapComponent:Start()

Starting UI_BackgroundFade
UnityEngine.DebugLogHandler:Internal_Log(LogType, LogOption, String, Object)
UnityEngine.Logger:Log(LogType, Object)
UnityEngine.Debug:Log(Object)
_Scripts.UI.Components.UIPanel:Start()

UIPanel::HandleTransition() Instantly Hiding UI_BackgroundFade
UnityEngine.DebugLogHandler:Internal_Log(LogType, LogOption, String, Object)
UnityEngine.Logger:Log(LogType, Object)
UnityEngine.Debug:Log(Object)

Starting UI_Popup_BootError
UnityEngine.DebugLogHandler:Internal_Log(LogType, LogOption, String, Object)
UnityEngine.Logger:Log(LogType, Object)
UnityEngine.Debug:Log(Object)
_Scripts.UI.Components.UIPanel:Start()

UIPanel::HandleTransition() Instantly Hiding UI_Popup_BootError
UnityEngine.DebugLogHandler:Internal_Log(LogType, LogOption, String, Object)
UnityEngine.Logger:Log(LogType, Object)
UnityEngine.Debug:Log(Object)

cargo32 | PORT | ACHIEVEMENTSMODULE | DEBUG | Achievement settings loaded.
UnityEngine.DebugLogHandler:Internal_Log(LogType, LogOption, String, Object)
UnityEngine.Logger:Log(LogType, Object)
UnityEngine.Debug:Log(Object)
cargo32.Port.Internal.Core.Module`1:Log(String, Boolean)
cargo32.Port.Internal.Core.Achievements.<Load>d__34:MoveNext()
Cysharp.Threading.Tasks.UniTaskCompletionSourceCore`1:TrySetResult(TResult)
cargo32.Port.Data.<InitialiseAsync>d__5:MoveNext()
Cysharp.Threading.Tasks.Internal.ContinuationQueue:RunCore()

cargo32 | PORT | ACHIEVEMENTSMODULE | DEBUG | Loading achievement: Back Where I Started
UnityEngine.DebugLogHandler:Internal_Log(LogType, LogOption, String, Object)
UnityEngine.Logger:Log(LogType, Object)
UnityEngine.Debug:Log(Object)
cargo32.Port.Internal.Core.Module`1:Log(String, Boolean)
cargo32.Port.Internal.Core.Achievements.<Load>d__34:MoveNext()
Cysharp.Threading.Tasks.UniTaskCompletionSourceCore`1:TrySetResult(TResult)
cargo32.Port.Data.<InitialiseAsync>d__5:MoveNext()
Cysharp.Threading.Tasks.Internal.ContinuationQueue:RunCore()

cargo32 | PORT | ACHIEVEMENTSMODULE | DEBUG | Loading achievement: Barista
UnityEngine.DebugLogHandler:Internal_Log(LogType, LogOption, String, Object)
UnityEngine.Logger:Log(LogType, Object)
UnityEngine.Debug:Log(Object)
cargo32.Port.Internal.Core.Module`1:Log(String, Boolean)
cargo32.Port.Internal.Core.Achievements.<Load>d__34:MoveNext()
Cysharp.Threading.Tasks.UniTaskCompletionSourceCore`1:TrySetResult(TResult)
cargo32.Port.Data.<InitialiseAsync>d__5:MoveNext()
Cysharp.Threading.Tasks.Internal.ContinuationQueue:RunCore()

cargo32 | PORT | ACHIEVEMENTSMODULE | DEBUG | Loading achievement: Bench Talk
UnityEngine.DebugLogHandler:Internal_Log(LogType, LogOption, String, Object)
UnityEngine.Logger:Log(LogType, Object)
UnityEngine.Debug:Log(Object)
cargo32.Port.Internal.Core.Module`1:Log(String, Boolean)
cargo32.Port.Internal.Core.Achievements.<Load>d__34:MoveNext()
Cysharp.Threading.Tasks.UniTaskCompletionSourceCore`1:TrySetResult(TResult)
cargo32.Port.Data.<InitialiseAsync>d__5:MoveNext()
Cysharp.Threading.Tasks.Internal.ContinuationQueue:RunCore()

cargo32 | PORT | ACHIEVEMENTSMODULE | DEBUG | Loading achievement: Chicken Dinner
UnityEngine.DebugLogHandler:Internal_Log(LogType, LogOption, String, Object)
UnityEngine.Logger:Log(LogType, Object)
UnityEngine.Debug:Log(Object)
cargo32.Port.Internal.Core.Module`1:Log(String, Boolean)
cargo32.Port.Internal.Core.Achievements.<Load>d__34:MoveNext()
Cysharp.Threading.Tasks.UniTaskCompletionSourceCore`1:TrySetResult(TResult)
cargo32.Port.Data.<InitialiseAsync>d__5:MoveNext()
Cysharp.Threading.Tasks.Internal.ContinuationQueue:RunCore()

cargo32 | PORT | ACHIEVEMENTSMODULE | DEBUG | Loading achievement: Choosing Violence
UnityEngine.DebugLogHandler:Internal_Log(LogType, LogOption, String, Object)
UnityEngine.Logger:Log(LogType, Object)
UnityEngine.Debug:Log(Object)
cargo32.Port.Internal.Core.Module`1:Log(String, Boolean)
cargo32.Port.Internal.Core.Achievements.<Load>d__34:MoveNext()
Cysharp.Threading.Tasks.UniTaskCompletionSourceCore`1:TrySetResult(TResult)
cargo32.Port.Data.<InitialiseAsync>d__5:MoveNext()
Cysharp.Threading.Tasks.Internal.ContinuationQueue:RunCore()

cargo32 | PORT | ACHIEVEMENTSMODULE | DEBUG | Loading achievement: Cross Map
UnityEngine.DebugLogHandler:Internal_Log(LogType, LogOption, String, Object)
UnityEngine.Logger:Log(LogType, Object)
UnityEngine.Debug:Log(Object)
cargo32.Port.Internal.Core.Module`1:Log(String, Boolean)
cargo32.Port.Internal.Core.Achievements.<Load>d__34:MoveNext()
Cysharp.Threading.Tasks.UniTaskCompletionSourceCore`1:TrySetResult(TResult)
cargo32.Port.Data.<InitialiseAsync>d__5:MoveNext()
Cysharp.Threading.Tasks.Internal.ContinuationQueue:RunCore()

cargo32 | PORT | ACHIEVEMENTSMODULE | DEBUG | Loading achievement: Do you want to
UnityEngine.DebugLogHandler:Internal_Log(LogType, LogOption, String, Object)
UnityEngine.Logger:Log(LogType, Object)
UnityEngine.Debug:Log(Object)
cargo32.Port.Internal.Core.Module`1:Log(String, Boolean)
cargo32.Port.Internal.Core.Achievements.<Load>d__34:MoveNext()
Cysharp.Threading.Tasks.UniTaskCompletionSourceCore`1:TrySetResult(TResult)
cargo32.Port.Data.<InitialiseAsync>d__5:MoveNext()
Cysharp.Threading.Tasks.Internal.ContinuationQueue:RunCore()

cargo32 | PORT | ACHIEVEMENTSMODULE | DEBUG | Loading achievement: Don't Wander Off
UnityEngine.DebugLogHandler:Internal_Log(LogType, LogOption, String, Object)
UnityEngine.Logger:Log(LogType, Object)
UnityEngine.Debug:Log(Object)
cargo32.Port.Internal.Core.Module`1:Log(String, Boolean)
cargo32.Port.Internal.Core.Achievements.<Load>d__34:MoveNext()
Cysharp.Threading.Tasks.UniTaskCompletionSourceCore`1:TrySetResult(TResult)
cargo32.Port.Data.<InitialiseAsync>d__5:MoveNext()
Cysharp.Threading.Tasks.Internal.ContinuationQueue:RunCore()

cargo32 | PORT | ACHIEVEMENTSMODULE | DEBUG | Loading achievement: Drinking Game
UnityEngine.DebugLogHandler:Internal_Log(LogType, LogOption, String, Object)
UnityEngine.Logger:Log(LogType, Object)
UnityEngine.Debug:Log(Object)
cargo32.Port.Internal.Core.Module`1:Log(String, Boolean)
cargo32.Port.Internal.Core.Achievements.<Load>d__34:MoveNext()
Cysharp.Threading.Tasks.UniTaskCompletionSourceCore`1:TrySetResult(TResult)
cargo32.Port.Data.<InitialiseAsync>d__5:MoveNext()
Cysharp.Threading.Tasks.Internal.ContinuationQueue:RunCore()

cargo32 | PORT | ACHIEVEMENTSMODULE | DEBUG | Loading achievement: Drive By
UnityEngine.DebugLogHandler:Internal_Log(LogType, LogOption, String, Object)
UnityEngine.Logger:Log(LogType, Object)
UnityEngine.Debug:Log(Object)
cargo32.Port.Internal.Core.Module`1:Log(String, Boolean)
cargo32.Port.Internal.Core.Achievements.<Load>d__34:MoveNext()
Cysharp.Threading.Tasks.UniTaskCompletionSourceCore`1:TrySetResult(TResult)
cargo32.Port.Data.<InitialiseAsync>d__5:MoveNext()
Cysharp.Threading.Tasks.Internal.ContinuationQueue:RunCore()

cargo32 | PORT | ACHIEVEMENTSMODULE | DEBUG | Loading achievement: Error 404
UnityEngine.DebugLogHandler:Internal_Log(LogType, LogOption, String, Object)
UnityEngine.Logger:Log(LogType, Object)
UnityEngine.Debug:Log(Object)
cargo32.Port.Internal.Core.Module`1:Log(String, Boolean)
cargo32.Port.Internal.Core.Achievements.<Load>d__34:MoveNext()
Cysharp.Threading.Tasks.UniTaskCompletionSourceCore`1:TrySetResult(TResult)
cargo32.Port.Data.<InitialiseAsync>d__5:MoveNext()
Cysharp.Threading.Tasks.Internal.ContinuationQueue:RunCore()

cargo32 | PORT | ACHIEVEMENTSMODULE | DEBUG | Loading achievement: Falling Game
UnityEngine.DebugLogHandler:Internal_Log(LogType, LogOption, String, Object)
UnityEngine.Logger:Log(LogType, Object)
UnityEngine.Debug:Log(Object)
cargo32.Port.Internal.Core.Module`1:Log(String, Boolean)
cargo32.Port.Internal.Core.Achievements.<Load>d__34:MoveNext()
Cysharp.Threading.Tasks.UniTaskCompletionSourceCore`1:TrySetResult(TResult)
cargo32.Port.Data.<InitialiseAsync>d__5:MoveNext()
Cysharp.Threading.Tasks.Internal.ContinuationQueue:RunCore()

cargo32 | PORT | ACHIEVEMENTSMODULE | DEBUG | Loading achievement: Fashion Star
UnityEngine.DebugLogHandler:Internal_Log(LogType, LogOption, String, Object)
UnityEngine.Logger:Log(LogType, Object)
UnityEngine.Debug:Log(Object)
cargo32.Port.Internal.Core.Module`1:Log(String, Boolean)
cargo32.Port.Internal.Core.Achievements.<Load>d__34:MoveNext()
Cysharp.Threading.Tasks.UniTaskCompletionSourceCore`1:TrySetResult(TResult)
cargo32.Port.Data.<InitialiseAsync>d__5:MoveNext()
Cysharp.Threading.Tasks.Internal.ContinuationQueue:RunCore()

cargo32 | PORT | ACHIEVEMENTSMODULE | DEBUG | Loading achievement: Fireball
UnityEngine.DebugLogHandler:Internal_Log(LogType, LogOption, String, Object)
UnityEngine.Logger:Log(LogType, Object)
UnityEngine.Debug:Log(Object)
cargo32.Port.Internal.Core.Module`1:Log(String, Boolean)
cargo32.Port.Internal.Core.Achievements.<Load>d__34:MoveNext()
Cysharp.Threading.Tasks.UniTaskCompletionSourceCore`1:TrySetResult(TResult)
cargo32.Port.Data.<InitialiseAsync>d__5:MoveNext()
Cysharp.Threading.Tasks.Internal.ContinuationQueue:RunCore()

cargo32 | PORT | ACHIEVEMENTSMODULE | DEBUG | Loading achievement: Fisherman
UnityEngine.DebugLogHandler:Internal_Log(LogType, LogOption, String, Object)
UnityEngine.Logger:Log(LogType, Object)
UnityEngine.Debug:Log(Object)
cargo32.Port.Internal.Core.Module`1:Log(String, Boolean)
cargo32.Port.Internal.Core.Achievements.<Load>d__34:MoveNext()
Cysharp.Threading.Tasks.UniTaskCompletionSourceCore`1:TrySetResult(TResult)
cargo32.Port.Data.<InitialiseAsync>d__5:MoveNext()
Cysharp.Threading.Tasks.Internal.ContinuationQueue:RunCore()

cargo32 | PORT | ACHIEVEMENTSMODULE | DEBUG | Loading achievement: Fishing Game
UnityEngine.DebugLogHandler:Internal_Log(LogType, LogOption, String, Object)
UnityEngine.Logger:Log(LogType, Object)
UnityEngine.Debug:Log(Object)
cargo32.Port.Internal.Core.Module`1:Log(String, Boolean)
cargo32.Port.Internal.Core.Achievements.<Load>d__34:MoveNext()
Cysharp.Threading.Tasks.UniTaskCompletionSourceCore`1:TrySetResult(TResult)
cargo32.Port.Data.<InitialiseAsync>d__5:MoveNext()
Cysharp.Threading.Tasks.Internal.ContinuationQueue:RunCore()

cargo32 | PORT | ACHIEVEMENTSMODULE | DEBUG | Loading achievement: Just a Bump
UnityEngine.DebugLogHandler:Internal_Log(LogType, LogOption, String, Object)
UnityEngine.Logger:Log(LogType, Object)
UnityEngine.Debug:Log(Object)
cargo32.Port.Internal.Core.Module`1:Log(String, Boolean)
cargo32.Port.Internal.Core.Achievements.<Load>d__34:MoveNext()
Cysharp.Threading.Tasks.UniTaskCompletionSourceCore`1:TrySetResult(TResult)
cargo32.Port.Data.<InitialiseAsync>d__5:MoveNext()
Cysharp.Threading.Tasks.Internal.ContinuationQueue:RunCore()

cargo32 | PORT | ACHIEVEMENTSMODULE | DEBUG | Loading achievement: Just the Two of Us
UnityEngine.DebugLogHandler:Internal_Log(LogType, LogOption, String, Object)
UnityEngine.Logger:Log(LogType, Object)
UnityEngine.Debug:Log(Object)
cargo32.Port.Internal.Core.Module`1:Log(String, Boolean)
cargo32.Port.Internal.Core.Achievements.<Load>d__34:MoveNext()
Cysharp.Threading.Tasks.UniTaskCompletionSourceCore`1:TrySetResult(TResult)
cargo32.Port.Data.<InitialiseAsync>d__5:MoveNext()
Cysharp.Threading.Tasks.Internal.ContinuationQueue:RunCore()

cargo32 | PORT | ACHIEVEMENTSMODULE | DEBUG | Loading achievement: My Sled is Cooler
UnityEngine.DebugLogHandler:Internal_Log(LogType, LogOption, String, Object)
UnityEngine.Logger:Log(LogType, Object)
UnityEngine.Debug:Log(Object)
cargo32.Port.Internal.Core.Module`1:Log(String, Boolean)
cargo32.Port.Internal.Core.Achievements.<Load>d__34:MoveNext()
Cysharp.Threading.Tasks.UniTaskCompletionSourceCore`1:TrySetResult(TResult)
cargo32.Port.Data.<InitialiseAsync>d__5:MoveNext()
Cysharp.Threading.Tasks.Internal.ContinuationQueue:RunCore()

cargo32 | PORT | ACHIEVEMENTSMODULE | DEBUG | Loading achievement: New Look
UnityEngine.DebugLogHandler:Internal_Log(LogType, LogOption, String, Object)
UnityEngine.Logger:Log(LogType, Object)
UnityEngine.Debug:Log(Object)
cargo32.Port.Internal.Core.Module`1:Log(String, Boolean)
cargo32.Port.Internal.Core.Achievements.<Load>d__34:MoveNext()
Cysharp.Threading.Tasks.UniTaskCompletionSourceCore`1:TrySetResult(TResult)
cargo32.Port.Data.<InitialiseAsync>d__5:MoveNext()
Cysharp.Threading.Tasks.Internal.ContinuationQueue:RunCore()

cargo32 | PORT | ACHIEVEMENTSMODULE | DEBUG | Loading achievement: Prepare for Takeoff
UnityEngine.DebugLogHandler:Internal_Log(LogType, LogOption, String, Object)
UnityEngine.Logger:Log(LogType, Object)
UnityEngine.Debug:Log(Object)
cargo32.Port.Internal.Core.Module`1:Log(String, Boolean)
cargo32.Port.Internal.Core.Achievements.<Load>d__34:MoveNext()
Cysharp.Threading.Tasks.UniTaskCompletionSourceCore`1:TrySetResult(TResult)
cargo32.Port.Data.<InitialiseAsync>d__5:MoveNext()
Cysharp.Threading.Tasks.Internal.ContinuationQueue:RunCore()

cargo32 | PORT | ACHIEVEMENTSMODULE | DEBUG | Loading achievement: Professional Drinker
UnityEngine.DebugLogHandler:Internal_Log(LogType, LogOption, String, Object)
UnityEngine.Logger:Log(LogType, Object)
UnityEngine.Debug:Log(Object)
cargo32.Port.Internal.Core.Module`1:Log(String, Boolean)
cargo32.Port.Internal.Core.Achievements.<Load>d__34:MoveNext()
Cysharp.Threading.Tasks.UniTaskCompletionSourceCore`1:TrySetResult(TResult)
cargo32.Port.Data.<InitialiseAsync>d__5:MoveNext()
Cysharp.Threading.Tasks.Internal.ContinuationQueue:RunCore()

cargo32 | PORT | ACHIEVEMENTSMODULE | DEBUG | Loading achievement: Sharp Shooter
UnityEngine.DebugLogHandler:Internal_Log(LogType, LogOption, String, Object)
UnityEngine.Logger:Log(LogType, Object)
UnityEngine.Debug:Log(Object)
cargo32.Port.Internal.Core.Module`1:Log(String, Boolean)
cargo32.Port.Internal.Core.Achievements.<Load>d__34:MoveNext()
Cysharp.Threading.Tasks.UniTaskCompletionSourceCore`1:TrySetResult(TResult)
cargo32.Port.Data.<InitialiseAsync>d__5:MoveNext()
Cysharp.Threading.Tasks.Internal.ContinuationQueue:RunCore()

cargo32 | PORT | ACHIEVEMENTSMODULE | DEBUG | Loading achievement: Sitting Game
UnityEngine.DebugLogHandler:Internal_Log(LogType, LogOption, String, Object)
UnityEngine.Logger:Log(LogType, Object)
UnityEngine.Debug:Log(Object)
cargo32.Port.Internal.Core.Module`1:Log(String, Boolean)
cargo32.Port.Internal.Core.Achievements.<Load>d__34:MoveNext()
Cysharp.Threading.Tasks.UniTaskCompletionSourceCore`1:TrySetResult(TResult)
cargo32.Port.Data.<InitialiseAsync>d__5:MoveNext()
Cysharp.Threading.Tasks.Internal.ContinuationQueue:RunCore()

cargo32 | PORT | ACHIEVEMENTSMODULE | DEBUG | Loading achievement: Sled Master
UnityEngine.DebugLogHandler:Internal_Log(LogType, LogOption, String, Object)
UnityEngine.Logger:Log(LogType, Object)
UnityEngine.Debug:Log(Object)
cargo32.Port.Internal.Core.Module`1:Log(String, Boolean)
cargo32.Port.Internal.Core.Achievements.<Load>d__34:MoveNext()
Cysharp.Threading.Tasks.UniTaskCompletionSourceCore`1:TrySetResult(TResult)
cargo32.Port.Data.<InitialiseAsync>d__5:MoveNext()
Cysharp.Threading.Tasks.Internal.ContinuationQueue:RunCore()

cargo32 | PORT | ACHIEVEMENTSMODULE | DEBUG | Loading achievement: Sledding Game
UnityEngine.DebugLogHandler:Internal_Log(LogType, LogOption, String, Object)
UnityEngine.Logger:Log(LogType, Object)
UnityEngine.Debug:Log(Object)
cargo32.Port.Internal.Core.Module`1:Log(String, Boolean)
cargo32.Port.Internal.Core.Achievements.<Load>d__34:MoveNext()
Cysharp.Threading.Tasks.UniTaskCompletionSourceCore`1:TrySetResult(TResult)
cargo32.Port.Data.<InitialiseAsync>d__5:MoveNext()
Cysharp.Threading.Tasks.Internal.ContinuationQueue:RunCore()

cargo32 | PORT | ACHIEVEMENTSMODULE | DEBUG | Loading achievement: Sniper Training
UnityEngine.DebugLogHandler:Internal_Log(LogType, LogOption, String, Object)
UnityEngine.Logger:Log(LogType, Object)
UnityEngine.Debug:Log(Object)
cargo32.Port.Internal.Core.Module`1:Log(String, Boolean)
cargo32.Port.Internal.Core.Achievements.<Load>d__34:MoveNext()
Cysharp.Threading.Tasks.UniTaskCompletionSourceCore`1:TrySetResult(TResult)
cargo32.Port.Data.<InitialiseAsync>d__5:MoveNext()
Cysharp.Threading.Tasks.Internal.ContinuationQueue:RunCore()

cargo32 | PORT | ACHIEVEMENTSMODULE | DEBUG | Loading achievement: Soarin Flyin
UnityEngine.DebugLogHandler:Internal_Log(LogType, LogOption, String, Object)
UnityEngine.Logger:Log(LogType, Object)
UnityEngine.Debug:Log(Object)
cargo32.Port.Internal.Core.Module`1:Log(String, Boolean)
cargo32.Port.Internal.Core.Achievements.<Load>d__34:MoveNext()
Cysharp.Threading.Tasks.UniTaskCompletionSourceCore`1:TrySetResult(TResult)
cargo32.Port.Data.<InitialiseAsync>d__5:MoveNext()
Cysharp.Threading.Tasks.Internal.ContinuationQueue:RunCore()

cargo32 | PORT | ACHIEVEMENTSMODULE | DEBUG | Loading achievement: Speed Demon
UnityEngine.DebugLogHandler:Internal_Log(LogType, LogOption, String, Object)
UnityEngine.Logger:Log(LogType, Object)
UnityEngine.Debug:Log(Object)
cargo32.Port.Internal.Core.Module`1:Log(String, Boolean)
cargo32.Port.Internal.Core.Achievements.<Load>d__34:MoveNext()
Cysharp.Threading.Tasks.UniTaskCompletionSourceCore`1:TrySetResult(TResult)
cargo32.Port.Data.<InitialiseAsync>d__5:MoveNext()
Cysharp.Threading.Tasks.Internal.ContinuationQueue:RunCore()

cargo32 | PORT | ACHIEVEMENTSMODULE | DEBUG | Loading achievement: Standing Game
UnityEngine.DebugLogHandler:Internal_Log(LogType, LogOption, String, Object)
UnityEngine.Logger:Log(LogType, Object)
UnityEngine.Debug:Log(Object)
cargo32.Port.Internal.Core.Module`1:Log(String, Boolean)
cargo32.Port.Internal.Core.Achievements.<Load>d__34:MoveNext()
Cysharp.Threading.Tasks.UniTaskCompletionSourceCore`1:TrySetResult(TResult)
cargo32.Port.Data.<InitialiseAsync>d__5:MoveNext()
Cysharp.Threading.Tasks.Internal.ContinuationQueue:RunCore()

cargo32 | PORT | ACHIEVEMENTSMODULE | DEBUG | Loading achievement: Stylish
UnityEngine.DebugLogHandler:Internal_Log(LogType, LogOption, String, Object)
UnityEngine.Logger:Log(LogType, Object)
UnityEngine.Debug:Log(Object)
cargo32.Port.Internal.Core.Module`1:Log(String, Boolean)
cargo32.Port.Internal.Core.Achievements.<Load>d__34:MoveNext()
Cysharp.Threading.Tasks.UniTaskCompletionSourceCore`1:TrySetResult(TResult)
cargo32.Port.Data.<InitialiseAsync>d__5:MoveNext()
Cysharp.Threading.Tasks.Internal.ContinuationQueue:RunCore()

cargo32 | PORT | ACHIEVEMENTSMODULE | DEBUG | Loading achievement: Taking Your Time
UnityEngine.DebugLogHandler:Internal_Log(LogType, LogOption, String, Object)
UnityEngine.Logger:Log(LogType, Object)
UnityEngine.Debug:Log(Object)
cargo32.Port.Internal.Core.Module`1:Log(String, Boolean)
cargo32.Port.Internal.Core.Achievements.<Load>d__34:MoveNext()
Cysharp.Threading.Tasks.UniTaskCompletionSourceCore`1:TrySetResult(TResult)
cargo32.Port.Data.<InitialiseAsync>d__5:MoveNext()
Cysharp.Threading.Tasks.Internal.ContinuationQueue:RunCore()

cargo32 | PORT | ACHIEVEMENTSMODULE | DEBUG | Loading achievement: The BIG one
UnityEngine.DebugLogHandler:Internal_Log(LogType, LogOption, String, Object)
UnityEngine.Logger:Log(LogType, Object)
UnityEngine.Debug:Log(Object)
cargo32.Port.Internal.Core.Module`1:Log(String, Boolean)
cargo32.Port.Internal.Core.Achievements.<Load>d__34:MoveNext()
Cysharp.Threading.Tasks.UniTaskCompletionSourceCore`1:TrySetResult(TResult)
cargo32.Port.Data.<InitialiseAsync>d__5:MoveNext()
Cysharp.Threading.Tasks.Internal.ContinuationQueue:RunCore()

cargo32 | PORT | ACHIEVEMENTSMODULE | DEBUG | Loading achievement: This One Sparkles
UnityEngine.DebugLogHandler:Internal_Log(LogType, LogOption, String, Object)
UnityEngine.Logger:Log(LogType, Object)
UnityEngine.Debug:Log(Object)
cargo32.Port.Internal.Core.Module`1:Log(String, Boolean)
cargo32.Port.Internal.Core.Achievements.<Load>d__34:MoveNext()
Cysharp.Threading.Tasks.UniTaskCompletionSourceCore`1:TrySetResult(TResult)
cargo32.Port.Data.<InitialiseAsync>d__5:MoveNext()
Cysharp.Threading.Tasks.Internal.ContinuationQueue:RunCore()

cargo32 | PORT | ACHIEVEMENTSMODULE | DEBUG | Loading achievement: Ticket Master
UnityEngine.DebugLogHandler:Internal_Log(LogType, LogOption, String, Object)
UnityEngine.Logger:Log(LogType, Object)
UnityEngine.Debug:Log(Object)
cargo32.Port.Internal.Core.Module`1:Log(String, Boolean)
cargo32.Port.Internal.Core.Achievements.<Load>d__34:MoveNext()
Cysharp.Threading.Tasks.UniTaskCompletionSourceCore`1:TrySetResult(TResult)
cargo32.Port.Data.<InitialiseAsync>d__5:MoveNext()
Cysharp.Threading.Tasks.Internal.ContinuationQueue:RunCore()

cargo32 | PORT | ACHIEVEMENTSMODULE | DEBUG | Loading achievement: Training Arc
UnityEngine.DebugLogHandler:Internal_Log(LogType, LogOption, String, Object)
UnityEngine.Logger:Log(LogType, Object)
UnityEngine.Debug:Log(Object)
cargo32.Port.Internal.Core.Module`1:Log(String, Boolean)
cargo32.Port.Internal.Core.Achievements.<Load>d__34:MoveNext()
Cysharp.Threading.Tasks.UniTaskCompletionSourceCore`1:TrySetResult(TResult)
cargo32.Port.Data.<InitialiseAsync>d__5:MoveNext()
Cysharp.Threading.Tasks.Internal.ContinuationQueue:RunCore()

cargo32 | PORT | ACHIEVEMENTSMODULE | DEBUG | Loading achievement: Walking Game
UnityEngine.DebugLogHandler:Internal_Log(LogType, LogOption, String, Object)
UnityEngine.Logger:Log(LogType, Object)
UnityEngine.Debug:Log(Object)
cargo32.Port.Internal.Core.Module`1:Log(String, Boolean)
cargo32.Port.Internal.Core.Achievements.<Load>d__34:MoveNext()
Cysharp.Threading.Tasks.UniTaskCompletionSourceCore`1:TrySetResult(TResult)
cargo32.Port.Data.<InitialiseAsync>d__5:MoveNext()
Cysharp.Threading.Tasks.Internal.ContinuationQueue:RunCore()

cargo32 | PORT | ACHIEVEMENTSMODULE | WARN | Tried to load an achievement from a blank line on line: 6! Is the saving process injecting extra lines?
This line will be skipped during the loading process.
UnityEngine.DebugLogHandler:Internal_Log(LogType, LogOption, String, Object)
UnityEngine.Logger:Log(LogType, Object)
UnityEngine.Debug:LogWarning(Object)
cargo32.Port.Internal.Core.Module`1:Warn(String, Boolean)
cargo32.Port.Internal.Core.Achievements.AchievementsModule:GetAchievementInstanceFromFile(List`1)
cargo32.Port.Internal.Core.Achievements.<Load>d__34:MoveNext()
Cysharp.Threading.Tasks.UniTaskCompletionSourceCore`1:TrySetResult(TResult)
cargo32.Port.Data.<InitialiseAsync>d__5:MoveNext()
Cysharp.Threading.Tasks.Internal.ContinuationQueue:RunCore()

cargo32 | PORT | ACHIEVEMENTSMODULE | ERROR | Steamworks is not initialized.
InvalidOperationException: Steamworks is not initialized.
Hiding OSK Input Field
UnityEngine.DebugLogHandler:Internal_Log(LogType, LogOption, String, Object)
UnityEngine.Logger:Log(LogType, Object)
UnityEngine.Debug:Log(Object)
PC_OSKPopup:HideInputField()
PC_OSKPopup:Awake()
UnityEngine.Object:Internal_CloneSingle(Object)
UnityEngine.Object:Instantiate(T)
cargo32.Port.Internal.PC.Input.<Initialise>d__1:MoveNext()
Cysharp.Threading.Tasks.UniTaskCompletionSourceCore`1:TrySetResult(TResult)
Cysharp.Threading.Tasks.<WaitUntil>d__2:MoveNext()
UnityEngine.WorkRequest:Invoke()
UnityEngine.UnitySynchronizationContext:Exec()

cargo32 | PORT | OSKMODULE | DEBUG | Fully initialised.
UnityEngine.DebugLogHandler:Internal_Log(LogType, LogOption, String, Object)
UnityEngine.Logger:Log(LogType, Object)
UnityEngine.Debug:Log(Object)
cargo32.Port.Internal.Core.Module`1:Log(String, Boolean)
cargo32.Port.Internal.Core.OSK.<Bootstrap>d__6`1:MoveNext()
Cysharp.Threading.Tasks.UniTaskCompletionSourceCore`1:TrySetResult(TResult)
cargo32.Port.Internal.PC.Input.<Initialise>d__1:MoveNext()
Cysharp.Threading.Tasks.UniTaskCompletionSourceCore`1:TrySetResult(TResult)
Cysharp.Threading.Tasks.<WaitUntil>d__2:MoveNext()
UnityEngine.WorkRequest:Invoke()
UnityEngine.UnitySynchronizationContext:Exec()

PlayerPrefsManager::Initialising...
UnityEngine.DebugLogHandler:Internal_Log(LogType, LogOption, String, Object)
UnityEngine.Logger:Log(LogType, Object)
UnityEngine.Debug:Log(Object)
<StartBootAsync>d__21:MoveNext()
Cysharp.Threading.Tasks.UniTaskCompletionSourceCore`1:TrySetResult(TResult)
Cysharp.Threading.Tasks.DelayPromise:MoveNext()
Cysharp.Threading.Tasks.Internal.PlayerLoopRunner:RunCore()

PlayerSavedSettings: InitialiseFromFile: Using region asia-southeast1 from PlayerPrefs.
UnityEngine.DebugLogHandler:Internal_Log(LogType, LogOption, String, Object)
UnityEngine.Logger:Log(LogType, Object)
UnityEngine.Debug:Log(Object)
PlayerSavedSettings:InitialiseFromFile()
<InitialiseSavedSettings>d__26:MoveNext()
Cysharp.Threading.Tasks.UniTaskCompletionSourceCore`1:TrySetResult(TResult)
Cysharp.Threading.Tasks.CompilerServices.AsyncUniTask`2:SetResult(T)
_Scripts.Systems.Saving.<TryLoadEncryptedJson>d__2:MoveNext()
Cysharp.Threading.Tasks.UniTaskCompletionSourceCore`1:TrySetResult(TResult)
Cysharp.Threading.Tasks.<RunOnThreadPool>d__86`1:MoveNext()
Cysharp.Threading.Tasks.Internal.ContinuationQueue:RunCore()

PlayerSavedSettings: SetLanguage: Setting language to en
UnityEngine.DebugLogHandler:Internal_Log(LogType, LogOption, String, Object)
UnityEngine.Logger:Log(LogType, Object)
UnityEngine.Debug:Log(Object)
PlayerSavedSettings:SetLanguage(String)
<InitialiseSavedSettings>d__26:MoveNext()
Cysharp.Threading.Tasks.UniTaskCompletionSourceCore`1:TrySetResult(TResult)
Cysharp.Threading.Tasks.CompilerServices.AsyncUniTask`2:SetResult(T)
_Scripts.Systems.Saving.<TryLoadEncryptedJson>d__2:MoveNext()
Cysharp.Threading.Tasks.UniTaskCompletionSourceCore`1:TrySetResult(TResult)
Cysharp.Threading.Tasks.<RunOnThreadPool>d__86`1:MoveNext()
Cysharp.Threading.Tasks.Internal.ContinuationQueue:RunCore()

PlayerPrefsManager::FinishInitPlayerSavedSettings
UnityEngine.DebugLogHandler:Internal_Log(LogType, LogOption, String, Object)
UnityEngine.Logger:Log(LogType, Object)
UnityEngine.Debug:Log(Object)
PlayerPrefsManager:FinishInitPlayerSavedSettings()
<InitialiseSavedSettings>d__26:MoveNext()
Cysharp.Threading.Tasks.UniTaskCompletionSourceCore`1:TrySetResult(TResult)
Cysharp.Threading.Tasks.CompilerServices.AsyncUniTask`2:SetResult(T)
_Scripts.Systems.Saving.<TryLoadEncryptedJson>d__2:MoveNext()
Cysharp.Threading.Tasks.UniTaskCompletionSourceCore`1:TrySetResult(TResult)
Cysharp.Threading.Tasks.<RunOnThreadPool>d__86`1:MoveNext()
Cysharp.Threading.Tasks.Internal.ContinuationQueue:RunCore()

PlayerPrefsManager::Loaded data from file 'DEMO_PlayerSavedStats.json': {"_pointsCurrent":31281,"_heldPoints":0,"_pointsEarnedLifetime":42281,"_pointsSpentLifetime":11000,"_pointsGambledLifetime":0,"_pointsLostLifetime":0,"_pointsWonGambledLifetime":0,"_arcadeTicketsCurrent":0,"sledsData":[{"purchased":false,"type":1,"points":42281.0,"equippedDye":0,"equippedTrinkets":[{"localPosition":{"x":0.0,"y":0.0,"z":0.0},"localRotation":{"x":0.0,"y":0.0,"z":0.0},"trinketIdentifierData":{"trinketType":0,"trinketSize":0,"trinketRarity":0}},{"localPosition":{"x":0.0,"y":0.0,"z":0.0},"localRotation":{"x":0.0,"y":0.0,"z":0.0},"trinketIdentifierData":{"trinketType":0,"trinketSize":0,"trinketRarity":0}},{"localPosition":{"x":0.0,"y":0.0,"z":0.0},"localRotation":{"x":0.0,"y":0.0,"z":0.0},"trinketIdentifierData":{"trinketType":0,"trinketSize":0,"trinketRarity":0}},{"localPosition":{"x":0.0,"y":0.0,"z":0.0},"localRotation":{"x":0.0,"y":0.0,"z":0.0},"trinketIdentifierData":{"trinketType":0,"trinketSize":0,"trinketRarity":0}},{"localPosition":{"x":0.0,"y":0.0,"z":0.0},"localRotation":{"x":0.0,"y":0.0,"z":0.0},"trinketIdentifierData":{"trinketType":0,"trinketSize":0,"trinketRarity":0}}]},{"purchased":false,"type":3,"points":0.0,"equippedDye":0,"equippedTrinkets":[{"localPosition":{"x":0.0,"y":0.0,"z":0.0},"localRotation":{"x":0.0,"y":0.0,"z":0.0},"trinketIdentifierData":{"trinketType":0,"trinketSize":0,"trinketRarity":0}},{"localPosition":{"x":0.0,"y":0.0,"z":0.0},"localRotation":{"x":0.0,"y":0.0,"z":0.0},"trinketIdentifierData":{"trinketType":0,"trinketSize":0,"trinketRarity":0}},{"localPosition":{"x":0.0,"y":0.0,"z":0.0},"localRotation":{"x":0.0,"y":0.0,"z":0.0},"trinketIdentifierData":{"trinketType":0,"trinketSize":0,"trinketRarity":0}},{"localPosition":{"x":0.0,"y":0.0,"z":0.0},"localRotation":{"x":0.0,"y":0.0,"z":0.0},"trinketIdentifierData":{"trinketType":0,"trinketSize":0,"trinketRarity":0}},{"localPosition":{"x":0.0,"y":0.0,"z":0.0},"localRotation":{"x":0.0,"y":0.0,"z":0.0},"trinketIdentifierData":{"trinketType":0,"trinketSize":0,"trinketRarity":0}}]},{"purchased":false,"type":5,"points":0.0,"equippedDye":0,"equippedTrinkets":[{"localPosition":{"x":0.0,"y":0.0,"z":0.0},"localRotation":{"x":0.0,"y":0.0,"z":0.0},"trinketIdentifierData":{"trinketType":0,"trinketSize":0,"trinketRarity":0}},{"localPosition":{"x":0.0,"y":0.0,"z":0.0},"localRotation":{"x":0.0,"y":0.0,"z":0.0},"trinketIdentifierData":{"trinketType":0,"trinketSize":0,"trinketRarity":0}},{"localPosition":{"x":0.0,"y":0.0,"z":0.0},"localRotation":{"x":0.0,"y":0.0,"z":0.0},"trinketIdentifierData":{"trinketType":0,"trinketSize":0,"trinketRarity":0}},{"localPosition":{"x":0.0,"y":0.0,"z":0.0},"localRotation":{"x":0.0,"y":0.0,"z":0.0},"trinketIdentifierData":{"trinketType":0,"trinketSize":0,"trinketRarity":0}},{"localPosition":{"x":0.0,"y":0.0,"z":0.0},"localRotation":{"x":0.0,"y":0.0,"z":0.0},"trinketIdentifierData":{"trinketType":0,"trinketSize":0,"trinketRarity":0}}]},{"purchased":false,"type":6,"points":0.0,"equippedDye":0,"equippedTrinkets":[{"localPosition":{"x":0.0,"y":0.0,"z":0.0},"localRotation":{"x":0.0,"y":0.0,"z":0.0},"trinketIdentifierData":{"trinketType":0,"trinketSize":0,"trinketRarity":0}},{"localPosition":{"x":0.0,"y":0.0,"z":0.0},"localRotation":{"x":0.0,"y":0.0,"z":0.0},"trinketIdentifierData":{"trinketType":0,"trinketSize":0,"trinketRarity":0}},{"localPosition":{"x":0.0,"y":0.0,"z":0.0},"localRotation":{"x":0.0,"y":0.0,"z":0.0},"trinketIdentifierData":{"trinketType":0,"trinketSize":0,"trinketRarity":0}},{"localPosition":{"x":0.0,"y":0.0,"z":0.0},"localRotation":{"x":0.0,"y":0.0,"z":0.0},"trinketIdentifierData":{"trinketType":0,"trinketSize":0,"trinketRarity":0}},{"localPosition":{"x":0.0,"y":0.0,"z":0.0},"localRotation":{"x":0.0,"y":0.0,"z":0.0},"trinketIdentifierData":{"trinketType":0,"trinketSize":0,"trinketRarity":0}}]},{"purchased":false,"type":7,"points":0.0,"equippedDye":0,"equippedTrinkets":[{"localPosition":{"x":0.0,"y":0.0,"z":0.0},"localRotation":{"x":0.0,"y":0.0,"z":0.0},"trinketIdentifierData":{"trinketType":0,"trinketSize":0,"trinketRarity":0}},{"localPosition":{"x":0.0,"y":0.0,"z":0.0},"localRotation":{"x":0.0,"y":0.0,"z":0.0},"trinketIdentifierData":{"trinketType":0,"trinketSize":0,"trinketRarity":0}},{"localPosition":{"x":0.0,"y":0.0,"z":0.0},"localRotation":{"x":0.0,"y":0.0,"z":0.0},"trinketIdentifierData":{"trinketType":0,"trinketSize":0,"trinketRarity":0}},{"localPosition":{"x":0.0,"y":0.0,"z":0.0},"localRotation":{"x":0.0,"y":0.0,"z":0.0},"trinketIdentifierData":{"trinketType":0,"trinketSize":0,"trinketRarity":0}},{"localPosition":{"x":0.0,"y":0.0,"z":0.0},"localRotation":{"x":0.0,"y":0.0,"z":0.0},"trinketIdentifierData":{"trinketType":0,"trinketSize":0,"trinketRarity":0}}]},{"purchased":false,"type":8,"points":0.0,"equippedDye":0,"equippedTrinkets":[{"localPosition":{"x":0.0,"y":0.0,"z":0.0},"localRotation":{"x":0.0,"y":0.0,"z":0.0},"trinketIdentifierData":{"trinketType":0,"trinketSize":0,"trinketRarity":0}},{"localPosition":{"x":0.0,"y":0.0,"z":0.0},"localRotation":{"x":0.0,"y":0.0,"z":0.0},"trinketIdentifierData":{"trinketType":0,"trinketSize":0,"trinketRarity":0}},{"localPosition":{"x":0.0,"y":0.0,"z":0.0},"localRotation":{"x":0.0,"y":0.0,"z":0.0},"trinketIdentifierData":{"trinketType":0,"trinketSize":0,"trinketRarity":0}},{"localPosition":{"x":0.0,"y":0.0,"z":0.0},"localRotation":{"x":0.0,"y":0.0,"z":0.0},"trinketIdentifierData":{"trinketType":0,"trinketSize":0,"trinketRarity":0}},{"localPosition":{"x":0.0,"y":0.0,"z":0.0},"localRotation":{"x":0.0,"y":0.0,"z":0.0},"trinketIdentifierData":{"trinketType":0,"trinketSize":0,"trinketRarity":0}}]},{"purchased":false,"type":9,"points":0.0,"equippedDye":0,"equippedTrinkets":[{"localPosition":{"x":0.0,"y":0.0,"z":0.0},"localRotation":{"x":0.0,"y":0.0,"z":0.0},"trinketIdentifierData":{"trinketType":0,"trinketSize":0,"trinketRarity":0}},{"localPosition":{"x":0.0,"y":0.0,"z":0.0},"localRotation":{"x":0.0,"y":0.0,"z":0.0},"trinketIdentifierData":{"trinketType":0,"trinketSize":0,"trinketRarity":0}},{"localPosition":{"x":0.0,"y":0.0,"z":0.0},"localRotation":{"x":0.0,"y":0.0,"z":0.0},"trinketIdentifierData":{"trinketType":0,"trinketSize":0,"trinketRarity":0}},{"localPosition":{"x":0.0,"y":0.0,"z":0.0},"localRotation":{"x":0.0,"y":0.0,"z":0.0},"trinketIdentifierData":{"trinketType":0,"trinketSize":0,"trinketRarity":0}},{"localPosition":{"x":0.0,"y":0.0,"z":0.0},"localRotation":{"x":0.0,"y":0.0,"z":0.0},"trinketIdentifierData":{"trinketType":0,"trinketSize":0,"trinketRarity":0}}]},{"purchased":false,"type":10,"points":0.0,"equippedDye":0,"equippedTrinkets":[{"localPosition":{"x":0.0,"y":0.0,"z":0.0},"localRotation":{"x":0.0,"y":0.0,"z":0.0},"trinketIdentifierData":{"trinketType":0,"trinketSize":0,"trinketRarity":0}},{"localPosition":{"x":0.0,"y":0.0,"z":0.0},"localRotation":{"x":0.0,"y":0.0,"z":0.0},"trinketIdentifierData":{"trinketType":0,"trinketSize":0,"trinketRarity":0}},{"localPosition":{"x":0.0,"y":0.0,"z":0.0},"localRotation":{"x":0.0,"y":0.0,"z":0.0},"trinketIdentifierData":{"trinketType":0,"trinketSize":0,"trinketRarity":0}},{"localPosition":{"x":0.0,"y":0.0,"z":0.0},"localRotation":{"x":0.0,"y":0.0,"z":0.0},"trinketIdentifierData":{"trinketType":0,"trinketSize":0,"trinketRarity":0}},{"localPosition":{"x":0.0,"y":0.0,"z":0.0},"localRotation":{"x":0.0,"y":0.0,"z":0.0},"trinketIdentifierData":{"trinketType":0,"trinketSize":0,"trinketRarity":0}}]},{"purchased":false,"type":11,"points":0.0,"equippedDye":0,"equippedTrinkets":[{"localPosition":{"x":0.0,"y":0.0,"z":0.0},"localRotation":{"x":0.0,"y":0.0,"z":0.0},"trinketIdentifierData":{"trinketType":0,"trinketSize":0,"trinketRarity":0}},{"localPosition":{"x":0.0,"y":0.0,"z":0.0},"localRotation":{"x":0.0,"y":0.0,"z":0.0},"trinketIdentifierData":{"trinketType":0,"trinketSize":0,"trinketRarity":0}},{"localPosition":{"x":0.0,"y":0.0,"z":0.0},"localRotation":{"x":0.0,"y":0.0,"z":0.0},"trinketIdentifierData":{"trinketType":0,"trinketSize":0,"trinketRarity":0}},{"localPosition":{"x":0.0,"y":0.0,"z":0.0},"localRotation":{"x":0.0,"y":0.0,"z":0.0},"trinketIdentifierData":{"trinketType":0,"trinketSize":0,"trinketRarity":0}},{"localPosition":{"x":0.0,"y":0.0,"z":0.0},"localRotation":{"x":0.0,"y":0.0,"z":0.0},"trinketIdentifierData":{"trinketType":0,"trinketSize":0,"trinketRarity":0}}]},{"purchased":false,"type":12,"points":0.0,"equippedDye":0,"equippedTrinkets":[{"localPosition":{"x":0.0,"y":0.0,"z":0.0},"localRotation":{"x":0.0,"y":0.0,"z":0.0},"trinketIdentifierData":{"trinketType":0,"trinketSize":0,"trinketRarity":0}},{"localPosition":{"x":0.0,"y":0.0,"z":0.0},"localRotation":{"x":0.0,"y":0.0,"z":0.0},"trinketIdentifierData":{"trinketType":0,"trinketSize":0,"trinketRarity":0}},{"localPosition":{"x":0.0,"y":0.0,"z":0.0},"localRotation":{"x":0.0,"y":0.0,"z":0.0},"trinketIdentifierData":{"trinketType":0,"trinketSize":0,"trinketRarity":0}},{"localPosition":{"x":0.0,"y":0.0,"z":0.0},"localRotation":{"x":0.0,"y":0.0,"z":0.0},"trinketIdentifierData":{"trinketType":0,"trinketSize":0,"trinketRarity":0}},{"localPosition":{"x":0.0,"y":0.0,"z":0.0},"localRotation":{"x":0.0,"y":0.0,"z":0.0},"trinketIdentifierData":{"trinketType":0,"trinketSize":0,"trinketRarity":0}}]},{"purchased":false,"type":13,"points":0.0,"equippedDye":0,"equippedTrinkets":[{"localPosition":{"x":0.0,"y":0.0,"z":0.0},"localRotation":{"x":0.0,"y":0.0,"z":0.0},"trinketIdentifierData":{"trinketType":0,"trinketSize":0,"trinketRarity":0}},{"localPosition":{"x":0.0,"y":0.0,"z":0.0},"localRotation":{"x":0.0,"y":0.0,"z":0.0},"trinketIdentifierData":{"trinketType":0,"trinketSize":0,"trinketRarity":0}},{"localPosition":{"x":0.0,"y":0.0,"z":0.0},"localRotation":{"x":0.0,"y":0.0,"z":0.0},"trinketIdentifierData":{"trinketType":0,"trinketSize":0,"trinketRarity":0}},{"localPosition":{"x":0.0,"y":0.0,"z":0.0},"localRotation":{"x":0.0,"y":0.0,"z":0.0},"trinketIdentifierData":{"trinketType":0,"trinketSize":0,"trinketRarity":0}},{"localPosition":{"x":0.0,"y":0.0,"z":0.0},"localRotation":{"x":0.0,"y":0.0,"z":0.0},"trinketIdentifierData":{"trinketType":0,"trinketSize":0,"trinketRarity":0}}]},{"purchased":false,"type":14,"points":0.0,"equippedDye":0,"equippedTrinkets":[{"localPosition":{"x":0.0,"y":0.0,"z":0.0},"localRotation":{"x":0.0,"y":0.0,"z":0.0},"trinketIdentifierData":{"trinketType":0,"trinketSize":0,"trinketRarity":0}},{"localPosition":{"x":0.0,"y":0.0,"z":0.0},"localRotation":{"x":0.0,"y":0.0,"z":0.0},"trinketIdentifierData":{"trinketType":0,"trinketSize":0,"trinketRarity":0}},{"localPosition":{"x":0.0,"y":0.0,"z":0.0},"localRotation":{"x":0.0,"y":0.0,"z":0.0},"trinketIdentifierData":{"trinketType":0,"trinketSize":0,"trinketRarity":0}},{"localPosition":{"x":0.0,"y":0.0,"z":0.0},"localRotation":{"x":0.0,"y":0.0,"z":0.0},"trinketIdentifierData":{"trinketType":0,"trinketSize":0,"trinketRarity":0}},{"localPosition":{"x":0.0,"y":0.0,"z":0.0},"localRotation":{"x":0.0,"y":0.0,"z":0.0},"trinketIdentifierData":{"trinketType":0,"trinketSize":0,"trinketRarity":0}}]},{"purchased":false,"type":15,"points":0.0,"equippedDye":0,"equippedTrinkets":[{"localPosition":{"x":0.0,"y":0.0,"z":0.0},"localRotation":{"x":0.0,"y":0.0,"z":0.0},"trinketIdentifierData":{"trinketType":0,"trinketSize":0,"trinketRarity":0}},{"localPosition":{"x":0.0,"y":0.0,"z":0.0},"localRotation":{"x":0.0,"y":0.0,"z":0.0},"trinketIdentifierData":{"trinketType":0,"trinketSize":0,"trinketRarity":0}},{"localPosition":{"x":0.0,"y":0.0,"z":0.0},"localRotation":{"x":0.0,"y":0.0,"z":0.0},"trinketIdentifierData":{"trinketType":0,"trinketSize":0,"trinketRarity":0}},{"localPosition":{"x":0.0,"y":0.0,"z":0.0},"localRotation":{"x":0.0,"y":0.0,"z":0.0},"trinketIdentifierData":{"trinketType":0,"trinketSize":0,"trinketRarity":0}},{"localPosition":{"x":0.0,"y":0.0,"z":0.0},"localRotation":{"x":0.0,"y":0.0,"z":0.0},"trinketIdentifierData":{"trinketType":0,"trinketSize":0,"trinketRarity":0}}]},{"purchased":false,"type":16,"points":0.0,"equippedDye":0,"equippedTrinkets":[{"localPosition":{"x":0.0,"y":0.0,"z":0.0},"localRotation":{"x":0.0,"y":0.0,"z":0.0},"trinketIdentifierData":{"trinketType":0,"trinketSize":0,"trinketRarity":0}},{"localPosition":{"x":0.0,"y":0.0,"z":0.0},"localRotation":{"x":0.0,"y":0.0,"z":0.0},"trinketIdentifierData":{"trinketType":0,"trinketSize":0,"trinketRarity":0}},{"localPosition":{"x":0.0,"y":0.0,"z":0.0},"localRotation":{"x":0.0,"y":0.0,"z":0.0},"trinketIdentifierData":{"trinketType":0,"trinketSize":0,"trinketRarity":0}},{"localPosition":{"x":0.0,"y":0.0,"z":0.0},"localRotation":{"x":0.0,"y":0.0,"z":0.0},"trinketIdentifierData":{"trinketType":0,"trinketSize":0,"trinketRarity":0}},{"localPosition":{"x":0.0,"y":0.0,"z":0.0},"localRotation":{"x":0.0,"y":0.0,"z":0.0},"trinketIdentifierData":{"trinketType":0,"trinketSize":0,"trinketRarity":0}}]},{"purchased":false,"type":17,"points":0.0,"equippedDye":0,"equippedTrinkets":[{"localPosition":{"x":0.0,"y":0.0,"z":0.0},"localRotation":{"x":0.0,"y":0.0,"z":0.0},"trinketIdentifierData":{"trinketType":0,"trinketSize":0,"trinketRarity":0}},{"localPosition":{"x":0.0,"y":0.0,"z":0.0},"localRotation":{"x":0.0,"y":0.0,"z":0.0},"trinketIdentifierData":{"trinketType":0,"trinketSize":0,"trinketRarity":0}},{"localPosition":{"x":0.0,"y":0.0,"z":0.0},"localRotation":{"x":0.0,"y":0.0,"z":0.0},"trinketIdentifierData":{"trinketType":0,"trinketSize":0,"trinketRarity":0}},{"localPosition":{"x":0.0,"y":0.0,"z":0.0},"localRotation":{"x":0.0,"y":0.0,"z":0.0},"trinketIdentifierData":{"trinketType":0,"trinketSize":0,"trinketRarity":0}},{"localPosition":{"x":0.0,"y":0.0,"z":0.0},"localRotation":{"x":0.0,"y":0.0,"z":0.0},"trinketIdentifierData":{"trinketType":0,"trinketSize":0,"trinketRarity":0}}]},{"purchased":false,"type":18,"points":0.0,"equippedDye":0,"equippedTrinkets":[{"localPosition":{"x":0.0,"y":0.0,"z":0.0},"localRotation":{"x":0.0,"y":0.0,"z":0.0},"trinketIdentifierData":{"trinketType":0,"trinketSize":0,"trinketRarity":0}},{"localPosition":{"x":0.0,"y":0.0,"z":0.0},"localRotation":{"x":0.0,"y":0.0,"z":0.0},"trinketIdentifierData":{"trinketType":0,"trinketSize":0,"trinketRarity":0}},{"localPosition":{"x":0.0,"y":0.0,"z":0.0},"localRotation":{"x":0.0,"y":0.0,"z":0.0},"trinketIdentifierData":{"trinketType":0,"trinketSize":0,"trinketRarity":0}},{"localPosition":{"x":0.0,"y":0.0,"z":0.0},"localRotation":{"x":0.0,"y":0.0,"z":0.0},"trinketIdentifierData":{"trinketType":0,"trinketSize":0,"trinketRarity":0}},{"localPosition":{"x":0.0,"y":0.0,"z":0.0},"localRotation":{"x":0.0,"y":0.0,"z":0.0},"trinketIdentifierData":{"trinketType":0,"trinketSize":0,"trinketRarity":0}}]},{"purchased":false,"type":19,"points":0.0,"equippedDye":0,"equippedTrinkets":[{"localPosition":{"x":0.0,"y":0.0,"z":0.0},"localRotation":{"x":0.0,"y":0.0,"z":0.0},"trinketIdentifierData":{"trinketType":0,"trinketSize":0,"trinketRarity":0}},{"localPosition":{"x":0.0,"y":0.0,"z":0.0},"localRotation":{"x":0.0,"y":0.0,"z":0.0},"trinketIdentifierData":{"trinketType":0,"trinketSize":0,"trinketRarity":0}},{"localPosition":{"x":0.0,"y":0.0,"z":0.0},"localRotation":{"x":0.0,"y":0.0,"z":0.0},"trinketIdentifierData":{"trinketType":0,"trinketSize":0,"trinketRarity":0}},{"localPosition":{"x":0.0,"y":0.0,"z":0.0},"localRotation":{"x":0.0,"y":0.0,"z":0.0},"trinketIdentifierData":{"trinketType":0,"trinketSize":0,"trinketRarity":0}},{"localPosition":{"x":0.0,"y":0.0,"z":0.0},"localRotation":{"x":0.0,"y":0.0,"z":0.0},"trinketIdentifierData":{"trinketType":0,"trinketSize":0,"trinketRarity":0}}]},{"purchased":false,"type":20,"points":0.0,"equippedDye":0,"equippedTrinkets":[{"localPosition":{"x":0.0,"y":0.0,"z":0.0},"localRotation":{"x":0.0,"y":0.0,"z":0.0},"trinketIdentifierData":{"trinketType":0,"trinketSize":0,"trinketRarity":0}},{"localPosition":{"x":0.0,"y":0.0,"z":0.0},"localRotation":{"x":0.0,"y":0.0,"z":0.0},"trinketIdentifierData":{"trinketType":0,"trinketSize":0,"trinketRarity":0}},{"localPosition":{"x":0.0,"y":0.0,"z":0.0},"localRotation":{"x":0.0,"y":0.0,"z":0.0},"trinketIdentifierData":{"trinketType":0,"trinketSize":0,"trinketRarity":0}},{"localPosition":{"x":0.0,"y":0.0,"z":0.0},"localRotation":{"x":0.0,"y":0.0,"z":0.0},"trinketIdentifierData":{"trinketType":0,"trinketSize":0,"trinketRarity":0}},{"localPosition":{"x":0.0,"y":0.0,"z":0.0},"localRotation":{"x":0.0,"y":0.0,"z":0.0},"trinketIdentifierData":{"trinketType":0,"trinketSize":0,"trinketRarity":0}}]},{"purchased":false,"type":21,"points":0.0,"equippedDye":0,"equippedTrinkets":[{"localPosition":{"x":0.0,"y":0.0,"z":0.0},"localRotation":{"x":0.0,"y":0.0,"z":0.0},"trinketIdentifierData":{"trinketType":0,"trinketSize":0,"trinketRarity":0}},{"localPosition":{"x":0.0,"y":0.0,"z":0.0},"localRotation":{"x":0.0,"y":0.0,"z":0.0},"trinketIdentifierData":{"trinketType":0,"trinketSize":0,"trinketRarity":0}},{"localPosition":{"x":0.0,"y":0.0,"z":0.0},"localRotation":{"x":0.0,"y":0.0,"z":0.0},"trinketIdentifierData":{"trinketType":0,"trinketSize":0,"trinketRarity":0}},{"localPosition":{"x":0.0,"y":0.0,"z":0.0},"localRotation":{"x":0.0,"y":0.0,"z":0.0},"trinketIdentifierData":{"trinketType":0,"trinketSize":0,"trinketRarity":0}},{"localPosition":{"x":0.0,"y":0.0,"z":0.0},"localRotation":{"x":0.0,"y":0.0,"z":0.0},"trinketIdentifierData":{"trinketType":0,"trinketSize":0,"trinketRarity":0}}]},{"purchased":false,"type":22,"points":0.0,"equippedDye":0,"equippedTrinkets":[{"localPosition":{"x":0.0,"y":0.0,"z":0.0},"localRotation":{"x":0.0,"y":0.0,"z":0.0},"trinketIdentifierData":{"trinketType":0,"trinketSize":0,"trinketRarity":0}},{"localPosition":{"x":0.0,"y":0.0,"z":0.0},"localRotation":{"x":0.0,"y":0.0,"z":0.0},"trinketIdentifierData":{"trinketType":0,"trinketSize":0,"trinketRarity":0}},{"localPosition":{"x":0.0,"y":0.0,"z":0.0},"localRotation":{"x":0.0,"y":0.0,"z":0.0},"trinketIdentifierData":{"trinketType":0,"trinketSize":0,"trinketRarity":0}},{"localPosition":{"x":0.0,"y":0.0,"z":0.0},"localRotation":{"x":0.0,"y":0.0,"z":0.0},"trinketIdentifierData":{"trinketType":0,"trinketSize":0,"trinketRarity":0}},{"localPosition":{"x":0.0,"y":0.0,"z":0.0},"localRotation":{"x":0.0,"y":0.0,"z":0.0},"trinketIdentifierData":{"trinketType":0,"trinketSize":0,"trinketRarity":0}}]},{"purchased":false,"type":23,"points":0.0,"equippedDye":0,"equippedTrinkets":[{"localPosition":{"x":0.0,"y":0.0,"z":0.0},"localRotation":{"x":0.0,"y":0.0,"z":0.0},"trinketIdentifierData":{"trinketType":0,"trinketSize":0,"trinketRarity":0}},{"localPosition":{"x":0.0,"y":0.0,"z":0.0},"localRotation":{"x":0.0,"y":0.0,"z":0.0},"trinketIdentifierData":{"trinketType":0,"trinketSize":0,"trinketRarity":0}},{"localPosition":{"x":0.0,"y":0.0,"z":0.0},"localRotation":{"x":0.0,"y":0.0,"z":0.0},"trinketIdentifierData":{"trinketType":0,"trinketSize":0,"trinketRarity":0}},{"localPosition":{"x":0.0,"y":0.0,"z":0.0},"localRotation":{"x":0.0,"y":0.0,"z":0.0},"trinketIdentifierData":{"trinketType":0,"trinketSize":0,"trinketRarity":0}},{"localPosition":{"x":0.0,"y":0.0,"z":0.0},"localRotation":{"x":0.0,"y":0.0,"z":0.0},"trinketIdentifierData":{"trinketType":0,"trinketSize":0,"trinketRarity":0}}]},{"purchased":false,"type":24,"points":0.0,"equippedDye":0,"equippedTrinkets":[{"localPosition":{"x":0.0,"y":0.0,"z":0.0},"localRotation":{"x":0.0,"y":0.0,"z":0.0},"trinketIdentifierData":{"trinketType":0,"trinketSize":0,"trinketRarity":0}},{"localPosition":{"x":0.0,"y":0.0,"z":0.0},"localRotation":{"x":0.0,"y":0.0,"z":0.0},"trinketIdentifierData":{"trinketType":0,"trinketSize":0,"trinketRarity":0}},{"localPosition":{"x":0.0,"y":0.0,"z":0.0},"localRotation":{"x":0.0,"y":0.0,"z":0.0},"trinketIdentifierData":{"trinketType":0,"trinketSize":0,"trinketRarity":0}},{"localPosition":{"x":0.0,"y":0.0,"z":0.0},"localRotation":{"x":0.0,"y":0.0,"z":0.0},"trinketIdentifierData":{"trinketType":0,"trinketSize":0,"trinketRarity":0}},{"localPosition":{"x":0.0,"y":0.0,"z":0.0},"localRotation":{"x":0.0,"y":0.0,"z":0.0},"trinketIdentifierData":{"trinketType":0,"trinketSize":0,"trinketRarity":0}}]},{"purchased":false,"type":25,"points":0.0,"equippedDye":0,"equippedTrinkets":[{"localPosition":{"x":0.0,"y":0.0,"z":0.0},"localRotation":{"x":0.0,"y":0.0,"z":0.0},"trinketIdentifierData":{"trinketType":0,"trinketSize":0,"trinketRarity":0}},{"localPosition":{"x":0.0,"y":0.0,"z":0.0},"localRotation":{"x":0.0,"y":0.0,"z":0.0},"trinketIdentifierData":{"trinketType":0,"trinketSize":0,"trinketRarity":0}},{"localPosition":{"x":0.0,"y":0.0,"z":0.0},"localRotation":{"x":0.0,"y":0.0,"z":0.0},"trinketIdentifierData":{"trinketType":0,"trinketSize":0,"trinketRarity":0}},{"localPosition":{"x":0.0,"y":0.0,"z":0.0},"localRotation":{"x":0.0,"y":0.0,"z":0.0},"trinketIdentifierData":{"trinketType":0,"trinketSize":0,"trinketRarity":0}},{"localPosition":{"x":0.0,"y":0.0,"z":0.0},"localRotation":{"x":0.0,"y":0.0,"z":0.0},"trinketIdentifierData":{"trinketType":0,"trinketSize":0,"trinketRarity":0}}]},{"purchased":false,"type":26,"points":0.0,"equippedDye":0,"equippedTrinkets":[{"localPosition":{"x":0.0,"y":0.0,"z":0.0},"localRotation":{"x":0.0,"y":0.0,"z":0.0},"trinketIdentifierData":{"trinketType":0,"trinketSize":0,"trinketRarity":0}},{"localPosition":{"x":0.0,"y":0.0,"z":0.0},"localRotation":{"x":0.0,"y":0.0,"z":0.0},"trinketIdentifierData":{"trinketType":0,"trinketSize":0,"trinketRarity":0}},{"localPosition":{"x":0.0,"y":0.0,"z":0.0},"localRotation":{"x":0.0,"y":0.0,"z":0.0},"trinketIdentifierData":{"trinketType":0,"trinketSize":0,"trinketRarity":0}},{"localPosition":{"x":0.0,"y":0.0,"z":0.0},"localRotation":{"x":0.0,"y":0.0,"z":0.0},"trinketIdentifierData":{"trinketType":0,"trinketSize":0,"trinketRarity":0}},{"localPosition":{"x":0.0,"y":0.0,"z":0.0},"localRotation":{"x":0.0,"y":0.0,"z":0.0},"trinketIdentifierData":{"trinketType":0,"trinketSize":0,"trinketRarity":0}}]},{"purchased":true,"type":27,"points":0.0,"equippedDye":0,"equippedTrinkets":[{"localPosition":{"x":0.0,"y":0.0,"z":0.0},"localRotation":{"x":0.0,"y":0.0,"z":0.0},"trinketIdentifierData":{"trinketType":0,"trinketSize":0,"trinketRarity":0}},{"localPosition":{"x":0.0,"y":0.0,"z":0.0},"localRotation":{"x":0.0,"y":0.0,"z":0.0},"trinketIdentifierData":{"trinketType":0,"trinketSize":0,"trinketRarity":0}},{"localPosition":{"x":0.0,"y":0.0,"z":0.0},"localRotation":{"x":0.0,"y":0.0,"z":0.0},"trinketIdentifierData":{"trinketType":0,"trinketSize":0,"trinketRarity":0}},{"localPosition":{"x":0.0,"y":0.0,"z":0.0},"localRotation":{"x":0.0,"y":0.0,"z":0.0},"trinketIdentifierData":{"trinketType":0,"trinketSize":0,"trinketRarity":0}},{"localPosition":{"x":0.0,"y":0.0,"z":0.0},"localRotation":{"x":0.0,"y":0.0,"z":0.0},"trinketIdentifierData":{"trinketType":0,"trinketSize":0,"trinketRarity":0}}]},{"purchased":false,"type":28,"points":0.0,"equippedDye":0,"equippedTrinkets":[{"localPosition":{"x":0.0,"y":0.0,"z":0.0},"localRotation":{"x":0.0,"y":0.0,"z":0.0},"trinketIdentifierData":{"trinketType":0,"trinketSize":0,"trinketRarity":0}},{"localPosition":{"x":0.0,"y":0.0,"z":0.0},"localRotation":{"x":0.0,"y":0.0,"z":0.0},"trinketIdentifierData":{"trinketType":0,"trinketSize":0,"trinketRarity":0}},{"localPosition":{"x":0.0,"y":0.0,"z":0.0},"localRotation":{"x":0.0,"y":0.0,"z":0.0},"trinketIdentifierData":{"trinketType":0,"trinketSize":0,"trinketRarity":0}},{"localPosition":{"x":0.0,"y":0.0,"z":0.0},"localRotation":{"x":0.0,"y":0.0,"z":0.0},"trinketIdentifierData":{"trinketType":0,"trinketSize":0,"trinketRarity":0}},{"localPosition":{"x":0.0,"y":0.0,"z":0.0},"localRotation":{"x":0.0,"y":0.0,"z":0.0},"trinketIdentifierData":{"trinketType":0,"trinketSize":0,"trinketRarity":0}}]},{"purchased":false,"type":29,"points":0.0,"equippedDye":0,"equippedTrinkets":[{"localPosition":{"x":0.0,"y":0.0,"z":0.0},"localRotation":{"x":0.0,"y":0.0,"z":0.0},"trinketIdentifierData":{"trinketType":0,"trinketSize":0,"trinketRarity":0}},{"localPosition":{"x":0.0,"y":0.0,"z":0.0},"localRotation":{"x":0.0,"y":0.0,"z":0.0},"trinketIdentifierData":{"trinketType":0,"trinketSize":0,"trinketRarity":0}},{"localPosition":{"x":0.0,"y":0.0,"z":0.0},"localRotation":{"x":0.0,"y":0.0,"z":0.0},"trinketIdentifierData":{"trinketType":0,"trinketSize":0,"trinketRarity":0}},{"localPosition":{"x":0.0,"y":0.0,"z":0.0},"localRotation":{"x":0.0,"y":0.0,"z":0.0},"trinketIdentifierData":{"trinketType":0,"trinketSize":0,"trinketRarity":0}},{"localPosition":{"x":0.0,"y":0.0,"z":0.0},"localRotation":{"x":0.0,"y":0.0,"z":0.0},"trinketIdentifierData":{"trinketType":0,"trinketSize":0,"trinketRarity":0}}]},{"purchased":false,"type":30,"points":0.0,"equippedDye":0,"equippedTrinkets":[{"localPosition":{"x":0.0,"y":0.0,"z":0.0},"localRotation":{"x":0.0,"y":0.0,"z":0.0},"trinketIdentifierData":{"trinketType":0,"trinketSize":0,"trinketRarity":0}},{"localPosition":{"x":0.0,"y":0.0,"z":0.0},"localRotation":{"x":0.0,"y":0.0,"z":0.0},"trinketIdentifierData":{"trinketType":0,"trinketSize":0,"trinketRarity":0}},{"localPosition":{"x":0.0,"y":0.0,"z":0.0},"localRotation":{"x":0.0,"y":0.0,"z":0.0},"trinketIdentifierData":{"trinketType":0,"trinketSize":0,"trinketRarity":0}},{"localPosition":{"x":0.0,"y":0.0,"z":0.0},"localRotation":{"x":0.0,"y":0.0,"z":0.0},"trinketIdentifierData":{"trinketType":0,"trinketSize":0,"trinketRarity":0}},{"localPosition":{"x":0.0,"y":0.0,"z":0.0},"localRotation":{"x":0.0,"y":0.0,"z":0.0},"trinketIdentifierData":{"trinketType":0,"trinketSize":0,"trinketRarity":0}}]},{"purchased":false,"type":31,"points":0.0,"equippedDye":0,"equippedTrinkets":[{"localPosition":{"x":0.0,"y":0.0,"z":0.0},"localRotation":{"x":0.0,"y":0.0,"z":0.0},"trinketIdentifierData":{"trinketType":0,"trinketSize":0,"trinketRarity":0}},{"localPosition":{"x":0.0,"y":0.0,"z":0.0},"localRotation":{"x":0.0,"y":0.0,"z":0.0},"trinketIdentifierData":{"trinketType":0,"trinketSize":0,"trinketRarity":0}},{"localPosition":{"x":0.0,"y":0.0,"z":0.0},"localRotation":{"x":0.0,"y":0.0,"z":0.0},"trinketIdentifierData":{"trinketType":0,"trinketSize":0,"trinketRarity":0}},{"localPosition":{"x":0.0,"y":0.0,"z":0.0},"localRotation":{"x":0.0,"y":0.0,"z":0.0},"trinketIdentifierData":{"trinketType":0,"trinketSize":0,"trinketRarity":0}},{"localPosition":{"x":0.0,"y":0.0,"z":0.0},"localRotation":{"x":0.0,"y":0.0,"z":0.0},"trinketIdentifierData":{"trinketType":0,"trinketSize":0,"trinketRarity":0}}]}],"_characterPurchases":[{"purchased":true,"character":13},{"purchased":false,"character":1},{"purchased":false,"character":2},{"purchased":true,"character":3},{"purchased":false,"character":4},{"purchased":false,"character":5},{"purchased":false,"character":6},{"purchased":false,"character":7},{"purchased":false,"character":8},{"purchased":false,"character":9},{"purchased":false,"character":10},{"purchased":false,"character":11},{"purchased":false,"character":12},{"purchased":false,"character":14},{"purchased":false,"character":15},{"purchased":false,"character":16},{"purchased":false,"character":17}],"hatsData":[{"purchased":false,"type":-1},{"purchased":false,"type":1},{"purchased":false,"type":2},{"purchased":false,"type":3},{"purchased":false,"type":4},{"purchased":false,"type":5},{"purchased":false,"type":7},{"purchased":false,"type":8},{"purchased":false,"type":9},{"purchased":false,"type":11},{"purchased":false,"type":12},{"purchased":false,"type":13},{"purchased":false,"type":14},{"purchased":false,"type":15},{"purchased":false,"type":16},{"purchased":false,"type":17},{"purchased":false,"type":18},{"purchased":false,"type":19},{"purchased":false,"type":20},{"purchased":false,"type":21},{"purchased":false,"type":22},{"purchased":false,"type":23},{"purchased":false,"type":24},{"purchased":false,"type":25},{"purchased":false,"type":26},{"purchased":false,"type":27},{"purchased":false,"type":28},{"purchased":false,"type":29},{"purchased":false,"type":30},{"purchased":false,"type":31},{"purchased":false,"type":32},{"purchased":false,"type":33},{"purchased":false,"type":34},{"purchased":false,"type":35},{"purchased":false,"type":36},{"purchased":false,"type":37},{"purchased":false,"type":38},{"purchased":false,"type":39},{"purchased":false,"type":40},{"purchased":false,"type":41},{"purchased":false,"type":42},{"purchased":false,"type":43},{"purchased":false,"type":44},{"purchased":false,"type":45},{"purchased":false,"type":46},{"purchased":false,"type":47},{"purchased":false,"type":48},{"purchased":false,"type":49},{"purchased":false,"type":50},{"purchased":false,"type":51},{"purchased":false,"type":52},{"purchased":false,"type":53},{"purchased":false,"type":54},{"purchased":false,"type":55},{"purchased":false,"type":56},{"purchased":false,"type":57},{"purchased":false,"type":58},{"purchased":false,"type":59},{"purchased":false,"type":60},{"purchased":false,"type":61},{"purchased":false,"type":62},{"purchased":false,"type":64}],"scarvesData":[{"purchased":false,"type":-1},{"purchased":false,"type":1},{"purchased":false,"type":2},{"purchased":false,"type":3},{"purchased":false,"type":4},{"purchased":false,"type":5},{"purchased":false,"type":6},{"purchased":false,"type":7},{"purchased":false,"type":8},{"purchased":false,"type":9},{"purchased":false,"type":10},{"purchased":false,"type":11},{"purchased":false,"type":12},{"purchased":false,"type":13},{"purchased":false,"type":14},{"purchased":false,"type":15},{"purchased":false,"type":16},{"purchased":false,"type":17},{"purchased":false,"type":18},{"purchased":false,"type":19},{"purchased":false,"type":20},{"purchased":false,"type":21}],"facewearsData":[{"purchased":false,"type":-1},{"purchased":false,"type":1},{"purchased":false,"type":3},{"purchased":false,"type":4},{"purchased":false,"type":5},{"purchased":false,"type":6},{"purchased":false,"type":7},{"purchased":false,"type":8},{"purchased":false,"type":9},{"purchased":false,"type":10},{"purchased":false,"type":11},{"purchased":false,"type":12},{"purchased":false,"type":13},{"purchased":false,"type":14},{"purchased":false,"type":15},{"purchased":false,"type":16},{"purchased":false,"type":17},{"purchased":false,"type":18},{"purchased":false,"type":19},{"purchased":false,"type":20},{"purchased":false,"type":21},{"purchased":false,"type":22},{"purchased":false,"type":23},{"purchased":false,"type":24},{"purchased":false,"type":25},{"purchased":false,"type":26},{"purchased":false,"type":27},{"purchased":false,"type":28}],"buildablesData":[{"purchased":false,"type":0},{"purchased":false,"type":1},{"purchased":false,"type":2},{"purchased":false,"type":4},{"purchased":false,"type":5},{"purchased":false,"type":6},{"purchased":false,"type":7},{"purchased":false,"type":8},{"purchased":false,"type":9},{"purchased":false,"type":10},{"purchased":false,"type":11},{"purchased":false,"type":12},{"purchased":false,"type":13},{"purchased":false,"type":14},{"purchased":false,"type":15},{"purchased":false,"type":16},{"purchased":false,"type":17},{"purchased":false,"type":18},{"purchased":false,"type":19},{"purchased":false,"type":20},{"purchased":false,"type":21},{"purchased":false,"type":22},{"purchased":false,"type":23},{"purchased":false,"type":24},{"purchased":false,"type":25},{"purchased":true,"type":26},{"purchased":false,"type":27},{"purchased":false,"type":28},{"purchased":false,"type":29},{"purchased":false,"type":30},{"purchased":false,"type":31},{"purchased":false,"type":32}],"toolsData":[{"purchased":false,"type":7},{"purchased":false,"type":8}],"sledDyesData":[],"trinketsSaveData":[],"_equippedCharacter":3,"_equippedSled":1,"_equippedHat":-1,"_equippedScarf":-1,"_equippedFacewear":-1,"_fishInventorySize":200,"_fishCaughtList":[],"_fishCaughtThisSession":[],"playerStats":[{"statType":12,"statUnit":1,"statAsFloat":6201.22119140625,"statAsInt":0},{"statType":37,"statUnit":1,"statAsFloat":9026.30078125,"statAsInt":0},{"statType":14,"statUnit":0,"statAsFloat":0.0,"statAsInt":42281},{"statType":9,"statUnit":1,"statAsFloat":47.15834426879883,"statAsInt":0},{"statType":38,"statUnit":1,"statAsFloat":27596.875,"statAsInt":0},{"statType":23,"statUnit":0,"statAsFloat":0.0,"statAsInt":48},{"statType":13,"statUnit":1,"statAsFloat":1708.7269287109375,"statAsInt":0},{"statType":6,"statUnit":0,"statAsFloat":0.0,"statAsInt":16},{"statType":7,"statUnit":0,"statAsFloat":0.0,"statAsInt":6},{"statType":15,"statUnit":0,"statAsFloat":0.0,"statAsInt":11000},{"statType":2,"statUnit":0,"statAsFloat":0.0,"statAsInt":1},{"statType":19,"statUnit":0,"statAsFloat":0.0,"statAsInt":16},{"statType":20,"statUnit":0,"statAsFloat":0.0,"statAsInt":7},{"statType":24,"statUnit":0,"statAsFloat":0.0,"statAsInt":7},{"statType":1,"statUnit":0,"statAsFloat":0.0,"statAsInt":0},{"statType":3,"statUnit":0,"statAsFloat":0.0,"statAsInt":0},{"statType":4,"statUnit":0,"statAsFloat":0.0,"statAsInt":0},{"statType":5,"statUnit":0,"statAsFloat":0.0,"statAsInt":0},{"statType":8,"statUnit":0,"statAsFloat":0.0,"statAsInt":0},{"statType":11,"statUnit":0,"statAsFloat":0.0,"statAsInt":0},{"statType":10,"statUnit":1,"statAsFloat":1270.51416015625,"statAsInt":0},{"statType":18,"statUnit":0,"statAsFloat":0.0,"statAsInt":0},{"statType":21,"statUnit":0,"statAsFloat":0.0,"statAsInt":0},{"statType":22,"statUnit":0,"statAsFloat":0.0,"statAsInt":3},{"statType":25,"statUnit":1,"statAsFloat":5.432611465454102,"statAsInt":0},{"statType":28,"statUnit":0,"statAsFloat":0.0,"statAsInt":0},{"statType":29,"statUnit":0,"statAsFloat":0.0,"statAsInt":0},{"statType":30,"statUnit":0,"statAsFloat":0.0,"statAsInt":0},{"statType":31,"statUnit":1,"statAsFloat":0.0,"statAsInt":0},{"statType":32,"statUnit":0,"statAsFloat":0.0,"statAsInt":0},{"statType":33,"statUnit":0,"statAsFloat":0.0,"statAsInt":0},{"statType":34,"statUnit":0,"statAsFloat":0.0,"statAsInt":0},{"statType":36,"statUnit":0,"statAsFloat":0.0,"statAsInt":0}],"_hasCompletedDumbBabyGamerTutorial":true,"_hasVisitedShopForFirstTime":true,"_hasVisitedInventoryChestForFirstTime":true,"_playersHitWithSnowballsWhileDefaultFrogEquipped":0,"_timesWonRaceWithBaikalSealEquipped":0,"_timesJumpedOnTrampolineWithDefaultFrogEquipped":0,"_timesKickedByYetiWhileWearingCape":0}
UnityEngine.DebugLogHandler:Internal_Log(LogType, LogOption, String, Object)
UnityEngine.Logger:Log(LogType, Object)
UnityEngine.Debug:Log(Object)
<InitialiseSavedStats>d__27:MoveNext()
Cysharp.Threading.Tasks.UniTaskCompletionSourceCore`1:TrySetResult(TResult)
Cysharp.Threading.Tasks.CompilerServices.AsyncUniTask`2:SetResult(T)
_Scripts.Systems.Saving.<TryLoadEncryptedJson>d__2:MoveNext()
Cysharp.Threading.Tasks.UniTaskCompletionSourceCore`1:TrySetResult(TResult)
Cysharp.Threading.Tasks.<RunOnThreadPool>d__86`1:MoveNext()
Cysharp.Threading.Tasks.Internal.ContinuationQueue:RunCore()

PlayerPrefsManager::FinishInitPlayerSavedStats
UnityEngine.DebugLogHandler:Internal_Log(LogType, LogOption, String, Object)
UnityEngine.Logger:Log(LogType, Object)
UnityEngine.Debug:Log(Object)
PlayerPrefsManager:FinishInitPlayerSavedStats()
<InitialiseSavedStats>d__27:MoveNext()
Cysharp.Threading.Tasks.UniTaskCompletionSourceCore`1:TrySetResult(TResult)
Cysharp.Threading.Tasks.CompilerServices.AsyncUniTask`2:SetResult(T)
_Scripts.Systems.Saving.<TryLoadEncryptedJson>d__2:MoveNext()
Cysharp.Threading.Tasks.UniTaskCompletionSourceCore`1:TrySetResult(TResult)
Cysharp.Threading.Tasks.<RunOnThreadPool>d__86`1:MoveNext()
Cysharp.Threading.Tasks.Internal.ContinuationQueue:RunCore()

Equipped CharacterSeal_Harbor
UnityEngine.DebugLogHandler:Internal_Log(LogType, LogOption, String, Object)
UnityEngine.Logger:Log(LogType, Object)
UnityEngine.Debug:Log(Object)
PlayerPrefsManager:FinishInitPlayerSavedStats()
<InitialiseSavedStats>d__27:MoveNext()
Cysharp.Threading.Tasks.UniTaskCompletionSourceCore`1:TrySetResult(TResult)
Cysharp.Threading.Tasks.CompilerServices.AsyncUniTask`2:SetResult(T)
_Scripts.Systems.Saving.<TryLoadEncryptedJson>d__2:MoveNext()
Cysharp.Threading.Tasks.UniTaskCompletionSourceCore`1:TrySetResult(TResult)
Cysharp.Threading.Tasks.<RunOnThreadPool>d__86`1:MoveNext()
Cysharp.Threading.Tasks.Internal.ContinuationQueue:RunCore()

PlayerPrefsManager::Finished initialising!
UnityEngine.DebugLogHandler:Internal_Log(LogType, LogOption, String, Object)
UnityEngine.Logger:Log(LogType, Object)
UnityEngine.Debug:Log(Object)
PlayerPrefsManager:CheckIfFinished()
PlayerPrefsManager:FinishInitPlayerSavedStats()
<InitialiseSavedStats>d__27:MoveNext()
Cysharp.Threading.Tasks.UniTaskCompletionSourceCore`1:TrySetResult(TResult)
Cysharp.Threading.Tasks.CompilerServices.AsyncUniTask`2:SetResult(T)
_Scripts.Systems.Saving.<TryLoadEncryptedJson>d__2:MoveNext()
Cysharp.Threading.Tasks.UniTaskCompletionSourceCore`1:TrySetResult(TResult)
Cysharp.Threading.Tasks.<RunOnThreadPool>d__86`1:MoveNext()
Cysharp.Threading.Tasks.Internal.ContinuationQueue:RunCore()

VolumeController Started 0.69
UnityEngine.DebugLogHandler:Internal_Log(LogType, LogOption, String, Object)
UnityEngine.Logger:Log(LogType, Object)
UnityEngine.Debug:Log(Object)
VolumeController:InitialiseVolumes()
PlayerPrefsManager:CheckIfFinished()
PlayerPrefsManager:FinishInitPlayerSavedStats()
<InitialiseSavedStats>d__27:MoveNext()
Cysharp.Threading.Tasks.UniTaskCompletionSourceCore`1:TrySetResult(TResult)
Cysharp.Threading.Tasks.CompilerServices.AsyncUniTask`2:SetResult(T)
_Scripts.Systems.Saving.<TryLoadEncryptedJson>d__2:MoveNext()
Cysharp.Threading.Tasks.UniTaskCompletionSourceCore`1:TrySetResult(TResult)
Cysharp.Threading.Tasks.<RunOnThreadPool>d__86`1:MoveNext()
Cysharp.Threading.Tasks.Internal.ContinuationQueue:RunCore()

All bootables are booted!
UnityEngine.DebugLogHandler:Internal_Log(LogType, LogOption, String, Object)
UnityEngine.Logger:Log(LogType, Object)
UnityEngine.Debug:Log(Object)
_Scripts.Boot.BootSceneManager:Update()

Couldn't create a Convex Mesh from source mesh, within the maximum polygons limit (256). The partial hull will be used. Consider simplifying your mesh. Source mesh name: default
The referenced script on this Behaviour (Game Object 'Network Manager (EOS)') is missing!
Unloading 5 Unused Serialized files (Serialized files now loaded: 4)
UnloadTime: 1.880800 ms
Only custom filters can be played. Please add a custom filter or an audioclip to the audiosource (Audio Source).
Only custom filters can be played. Please add a custom filter or an audioclip to the audiosource (Audio Source).
Only custom filters can be played. Please add a custom filter or an audioclip to the audiosource (Audio Source).
Only custom filters can be played. Please add a custom filter or an audioclip to the audiosource (Audio Source).
Only custom filters can be played. Please add a custom filter or an audioclip to the audiosource (Audio Source).
Only custom filters can be played. Please add a custom filter or an audioclip to the audiosource (Audio Source).
Only custom filters can be played. Please add a custom filter or an audioclip to the audiosource (Audio Source).
Only custom filters can be played. Please add a custom filter or an audioclip to the audiosource (Audio Source).
Only custom filters can be played. Please add a custom filter or an audioclip to the audiosource (Audio Source).
Only custom filters can be played. Please add a custom filter or an audioclip to the audiosource (audio source pour).
Only custom filters can be played. Please add a custom filter or an audioclip to the audiosource (audio source pour).
Only custom filters can be played. Please add a custom filter or an audioclip to the audiosource (audio source pour).
Only custom filters can be played. Please add a custom filter or an audioclip to the audiosource (Audio Source).
Only custom filters can be played. Please add a custom filter or an audioclip to the audiosource (Audio Source).
Only custom filters can be played. Please add a custom filter or an audioclip to the audiosource (Audio Source).
Only custom filters can be played. Please add a custom filter or an audioclip to the audiosource (Audio Source).
Only custom filters can be played. Please add a custom filter or an audioclip to the audiosource (Audio Source).
Only custom filters can be played. Please add a custom filter or an audioclip to the audiosource (Audio Source).
Only custom filters can be played. Please add a custom filter or an audioclip to the audiosource (Audio Source).
Only custom filters can be played. Please add a custom filter or an audioclip to the audiosource (Audio Source).
Only custom filters can be played. Please add a custom filter or an audioclip to the audiosource (Audio Source).
Only custom filters can be played. Please add a custom filter or an audioclip to the audiosource (Audio Source).
Only custom filters can be played. Please add a custom filter or an audioclip to the audiosource (Audio Source).
Only custom filters can be played. Please add a custom filter or an audioclip to the audiosource (audio source pour).
Only custom filters can be played. Please add a custom filter or an audioclip to the audiosource (audio source machine).
Only custom filters can be played. Please add a custom filter or an audioclip to the audiosource (audio source pour).
Only custom filters can be played. Please add a custom filter or an audioclip to the audiosource (Audio Source).
Only custom filters can be played. Please add a custom filter or an audioclip to the audiosource (Audio Source).
Only custom filters can be played. Please add a custom filter or an audioclip to the audiosource (audio source machine).
Only custom filters can be played. Please add a custom filter or an audioclip to the audiosource (audio source pour).
Only custom filters can be played. Please add a custom filter or an audioclip to the audiosource (Audio Source).
Only custom filters can be played. Please add a custom filter or an audioclip to the audiosource (Audio Source).
Only custom filters can be played. Please add a custom filter or an audioclip to the audiosource (Audio Source).
Only custom filters can be played. Please add a custom filter or an audioclip to the audiosource (Audio Source).
Only custom filters can be played. Please add a custom filter or an audioclip to the audiosource (Audio Source).
Only custom filters can be played. Please add a custom filter or an audioclip to the audiosource (Audio Source).
Only custom filters can be played. Please add a custom filter or an audioclip to the audiosource (audio source machine).
Only custom filters can be played. Please add a custom filter or an audioclip to the audiosource (Audio Source).
Only custom filters can be played. Please add a custom filter or an audioclip to the audiosource (Audio Source).
Only custom filters can be played. Please add a custom filter or an audioclip to the audiosource (audio source machine).
Only custom filters can be played. Please add a custom filter or an audioclip to the audiosource (audio source machine).
Only custom filters can be played. Please add a custom filter or an audioclip to the audiosource (audio source machine).
Only custom filters can be played. Please add a custom filter or an audioclip to the audiosource (Audio Source).
Only custom filters can be played. Please add a custom filter or an audioclip to the audiosource (Audio Source).
Only custom filters can be played. Please add a custom filter or an audioclip to the audiosource (Audio Source).
DontDestroyOnLoad only works for root GameObjects or components on root GameObjects.
MusicController:Awake()

[ line 1042920]

NullReferenceException: Object reference not set to an instance of an object.
Unloading 93 unused Assets to reduce memory usage. Loaded Objects now: 211013.
Total: 62.929400 ms (FindLiveObjects: 15.414200 ms CreateObjectMapping: 4.732100 ms MarkObjects: 42.449100 ms  DeleteObjects: 0.333300 ms)

Starting UI_BackgroundFade
UnityEngine.DebugLogHandler:Internal_Log(LogType, LogOption, String, Object)
UnityEngine.Logger:Log(LogType, Object)
UnityEngine.Debug:Log(Object)
_Scripts.UI.Components.UIPanel:Start()

UIPanel::HandleTransition() Instantly Hiding UI_BackgroundFade
UnityEngine.DebugLogHandler:Internal_Log(LogType, LogOption, String, Object)
UnityEngine.Logger:Log(LogType, Object)
UnityEngine.Debug:Log(Object)

Starting UI_BackgroundFade
UnityEngine.DebugLogHandler:Internal_Log(LogType, LogOption, String, Object)
UnityEngine.Logger:Log(LogType, Object)
UnityEngine.Debug:Log(Object)
_Scripts.UI.Components.UIPanel:Start()

UIPanel::HandleTransition() Instantly Hiding UI_BackgroundFade
UnityEngine.DebugLogHandler:Internal_Log(LogType, LogOption, String, Object)
UnityEngine.Logger:Log(LogType, Object)
UnityEngine.Debug:Log(Object)

Starting UI_Popup_GamePreview
UnityEngine.DebugLogHandler:Internal_Log(LogType, LogOption, String, Object)
UnityEngine.Logger:Log(LogType, Object)
UnityEngine.Debug:Log(Object)
_Scripts.UI.Components.UIPanel:Start()

UIPanel::HandleTransition() Instantly Hiding UI_Popup_GamePreview
UnityEngine.DebugLogHandler:Internal_Log(LogType, LogOption, String, Object)
UnityEngine.Logger:Log(LogType, Object)
UnityEngine.Debug:Log(Object)

Starting UI_BackgroundFade
UnityEngine.DebugLogHandler:Internal_Log(LogType, LogOption, String, Object)
UnityEngine.Logger:Log(LogType, Object)
UnityEngine.Debug:Log(Object)
_Scripts.UI.Components.UIPanel:Start()

UIPanel::HandleTransition() Instantly Hiding UI_BackgroundFade
UnityEngine.DebugLogHandler:Internal_Log(LogType, LogOption, String, Object)
UnityEngine.Logger:Log(LogType, Object)
UnityEngine.Debug:Log(Object)

Starting UI_Popup_MeanPeopleAndHackers
UnityEngine.DebugLogHandler:Internal_Log(LogType, LogOption, String, Object)
UnityEngine.Logger:Log(LogType, Object)
UnityEngine.Debug:Log(Object)
_Scripts.UI.Components.UIPanel:Start()

UIPanel::HandleTransition() Instantly Hiding UI_Popup_MeanPeopleAndHackers
UnityEngine.DebugLogHandler:Internal_Log(LogType, LogOption, String, Object)
UnityEngine.Logger:Log(LogType, Object)
UnityEngine.Debug:Log(Object)

Starting UI_Loading
UnityEngine.DebugLogHandler:Internal_Log(LogType, LogOption, String, Object)
UnityEngine.Logger:Log(LogType, Object)
UnityEngine.Debug:Log(Object)
_Scripts.UI.Components.UIPanel:Start()

UIPanel::HandleTransition() Instantly Hiding UI_Loading
UnityEngine.DebugLogHandler:Internal_Log(LogType, LogOption, String, Object)
UnityEngine.Logger:Log(LogType, Object)
UnityEngine.Debug:Log(Object)

Starting UI_Password
UnityEngine.DebugLogHandler:Internal_Log(LogType, LogOption, String, Object)
UnityEngine.Logger:Log(LogType, Object)
UnityEngine.Debug:Log(Object)
_Scripts.UI.Components.UIPanel:Start()

UIPanel::HandleTransition() Instantly Hiding UI_Password
UnityEngine.DebugLogHandler:Internal_Log(LogType, LogOption, String, Object)
UnityEngine.Logger:Log(LogType, Object)
UnityEngine.Debug:Log(Object)

UIPanel::ShowPanel() Setting first selectable to (Button) HOST
UnityEngine.DebugLogHandler:Internal_Log(LogType, LogOption, String, Object)
UnityEngine.Logger:Log(LogType, Object)
UnityEngine.Debug:Log(Object)
_Scripts.UI.Components.UIPanel:ShowPanel()
UiReferenceController:OpenMenu(UiToggleableMenu)
<Start>d__143:MoveNext()
UnityEngine.SetupCoroutine:InvokeMoveNext(IEnumerator, IntPtr)

Not selecting anything because we're using KBM
UnityEngine.DebugLogHandler:Internal_Log(LogType, LogOption, String, Object)
UnityEngine.Logger:Log(LogType, Object)
UnityEngine.Debug:Log(Object)
UiReferenceController:OpenMenu(UiToggleableMenu)
<Start>d__143:MoveNext()
UnityEngine.SetupCoroutine:InvokeMoveNext(IEnumerator, IntPtr)

Starting UI_BackgroundFade
UnityEngine.DebugLogHandler:Internal_Log(LogType, LogOption, String, Object)
UnityEngine.Logger:Log(LogType, Object)
UnityEngine.Debug:Log(Object)
_Scripts.UI.Components.UIPanel:Start()

UIPanel::HandleTransition() Instantly Hiding UI_BackgroundFade
UnityEngine.DebugLogHandler:Internal_Log(LogType, LogOption, String, Object)
UnityEngine.Logger:Log(LogType, Object)
UnityEngine.Debug:Log(Object)

Starting UI_Popup_ConfirmGoodInternet
UnityEngine.DebugLogHandler:Internal_Log(LogType, LogOption, String, Object)
UnityEngine.Logger:Log(LogType, Object)
UnityEngine.Debug:Log(Object)
_Scripts.UI.Components.UIPanel:Start()

UIPanel::HandleTransition() Instantly Hiding UI_Popup_ConfirmGoodInternet
UnityEngine.DebugLogHandler:Internal_Log(LogType, LogOption, String, Object)
UnityEngine.Logger:Log(LogType, Object)
UnityEngine.Debug:Log(Object)

Starting UI_BackgroundFade
UnityEngine.DebugLogHandler:Internal_Log(LogType, LogOption, String, Object)
UnityEngine.Logger:Log(LogType, Object)
UnityEngine.Debug:Log(Object)
_Scripts.UI.Components.UIPanel:Start()

UIPanel::HandleTransition() Instantly Hiding UI_BackgroundFade
UnityEngine.DebugLogHandler:Internal_Log(LogType, LogOption, String, Object)
UnityEngine.Logger:Log(LogType, Object)
UnityEngine.Debug:Log(Object)

Starting UI_BackgroundFade
UnityEngine.DebugLogHandler:Internal_Log(LogType, LogOption, String, Object)
UnityEngine.Logger:Log(LogType, Object)
UnityEngine.Debug:Log(Object)
_Scripts.UI.Components.UIPanel:Start()

UIPanel::HandleTransition() Instantly Hiding UI_BackgroundFade
UnityEngine.DebugLogHandler:Internal_Log(LogType, LogOption, String, Object)
UnityEngine.Logger:Log(LogType, Object)
UnityEngine.Debug:Log(Object)

Starting UI_MainMenu
UnityEngine.DebugLogHandler:Internal_Log(LogType, LogOption, String, Object)
UnityEngine.Logger:Log(LogType, Object)
UnityEngine.Debug:Log(Object)
_Scripts.UI.Components.UIPanel:Start()

UIPanel::InstantShowPanel() Setting first selectable to (Button) HOST
UnityEngine.DebugLogHandler:Internal_Log(LogType, LogOption, String, Object)
UnityEngine.Logger:Log(LogType, Object)
UnityEngine.Debug:Log(Object)
_Scripts.UI.Components.UIPanel:InstantShowPanel()
_Scripts.UI.Components.UIPanel:HandleTransition(TransitionType)

UIPanel::HandleTransition() Instantly Showing UI_MainMenu
UnityEngine.DebugLogHandler:Internal_Log(LogType, LogOption, String, Object)
UnityEngine.Logger:Log(LogType, Object)
UnityEngine.Debug:Log(Object)

Starting (Canvas) Pause Menu (off)
UnityEngine.DebugLogHandler:Internal_Log(LogType, LogOption, String, Object)
UnityEngine.Logger:Log(LogType, Object)
UnityEngine.Debug:Log(Object)
_Scripts.UI.Components.UIPanel:Start()

UIPanel::HandleTransition() Instantly Hiding (Canvas) Pause Menu (off)
UnityEngine.DebugLogHandler:Internal_Log(LogType, LogOption, String, Object)
UnityEngine.Logger:Log(LogType, Object)
UnityEngine.Debug:Log(Object)

Starting UI_ReportPlayer
UnityEngine.DebugLogHandler:Internal_Log(LogType, LogOption, String, Object)
UnityEngine.Logger:Log(LogType, Object)
UnityEngine.Debug:Log(Object)
_Scripts.UI.Components.UIPanel:Start()

UIPanel::HandleTransition() Instantly Hiding UI_ReportPlayer
UnityEngine.DebugLogHandler:Internal_Log(LogType, LogOption, String, Object)
UnityEngine.Logger:Log(LogType, Object)
UnityEngine.Debug:Log(Object)

Starting UI_CreateLobby
UnityEngine.DebugLogHandler:Internal_Log(LogType, LogOption, String, Object)
UnityEngine.Logger:Log(LogType, Object)
UnityEngine.Debug:Log(Object)
_Scripts.UI.Components.UIPanel:Start()

UIPanel::HandleTransition() Instantly Hiding UI_CreateLobby
UnityEngine.DebugLogHandler:Internal_Log(LogType, LogOption, String, Object)
UnityEngine.Logger:Log(LogType, Object)
UnityEngine.Debug:Log(Object)

[FOCUS_DIAGNOSTIC] Focus changed to: (Button) HOST (UnityEngine.GameObject)
UnityEngine.DebugLogHandler:Internal_Log(LogType, LogOption, String, Object)
UnityEngine.Logger:Log(LogType, Object, Object)
UnityEngine.Debug:Log(Object, Object)
UiReferenceController:UpdateOnChangeSelectedGameObject()
UiReferenceController:Update()

[FishNet] Client state: Started
UnityEngine.DebugLogHandler:Internal_Log(LogType, LogOption, String, Object)
UnityEngine.Logger:Log(LogType, Object)
UnityEngine.Debug:Log(Object)
_Scripts.Managers.LobbyManager:OnClientConnectionState(ClientConnectionStateArgs)
FishNet.Managing.Client.ClientManager:Transport_OnClientConnectionState(ClientConnectionStateArgs)
FishNet.Transporting.Tugboat.Client.ClientSocket:IterateIncoming()
FishNet.Managing.Transporting.TransportManager:IterateIncoming(Boolean)
FishNet.Managing.Timing.TimeManager:IncreaseTick()
FishNet.Managing.Timing.TimeManager:TickUpdate()

Only custom filters can be played. Please add a custom filter or an audioclip to the audiosource (Audio Source).
FishNet.Managing.Client.ClientObjectCache:<Iterate>g__ProcessObject|13_0(CachedNetworkObject, Boolean, Int32, <>c__DisplayClass13_0&)
FishNet.Managing.Client.ClientObjectCache:Iterate()
FishNet.Managing.Client.ClientManager:ParseReader(PooledReader, Channel, Boolean)
FishNet.Managing.Client.ClientManager:ParseReceived(ClientReceivedDataArgs)
FishNet.Managing.Client.ClientManager:Transport_OnClientReceivedData(ClientReceivedDataArgs)
FishNet.Transporting.Tugboat.Tugboat:HandleClientReceivedDataArgs(ClientReceivedDataArgs)
FishNet.Transporting.Tugboat.Client.ClientSocket:IterateIncoming()
FishNet.Managing.Transporting.TransportManager:IterateIncoming(Boolean)
FishNet.Managing.Timing.TimeManager:IncreaseTick()
FishNet.Managing.Timing.TimeManager:TickUpdate()

[ line 1040904]

Only custom filters can be played. Please add a custom filter or an audioclip to the audiosource (audio source pour).
FishNet.Managing.Client.ClientObjectCache:<Iterate>g__ProcessObject|13_0(CachedNetworkObject, Boolean, Int32, <>c__DisplayClass13_0&)
FishNet.Managing.Client.ClientObjectCache:Iterate()
FishNet.Managing.Client.ClientManager:ParseReader(PooledReader, Channel, Boolean)
FishNet.Managing.Client.ClientManager:ParseReceived(ClientReceivedDataArgs)
FishNet.Managing.Client.ClientManager:Transport_OnClientReceivedData(ClientReceivedDataArgs)
FishNet.Transporting.Tugboat.Tugboat:HandleClientReceivedDataArgs(ClientReceivedDataArgs)
FishNet.Transporting.Tugboat.Client.ClientSocket:IterateIncoming()
FishNet.Managing.Transporting.TransportManager:IterateIncoming(Boolean)
FishNet.Managing.Timing.TimeManager:IncreaseTick()
FishNet.Managing.Timing.TimeManager:TickUpdate()

[ line 1040904]

Only custom filters can be played. Please add a custom filter or an audioclip to the audiosource (audio source machine).
FishNet.Managing.Client.ClientObjectCache:<Iterate>g__ProcessObject|13_0(CachedNetworkObject, Boolean, Int32, <>c__DisplayClass13_0&)
FishNet.Managing.Client.ClientObjectCache:Iterate()
FishNet.Managing.Client.ClientManager:ParseReader(PooledReader, Channel, Boolean)
FishNet.Managing.Client.ClientManager:ParseReceived(ClientReceivedDataArgs)
FishNet.Managing.Client.ClientManager:Transport_OnClientReceivedData(ClientReceivedDataArgs)
FishNet.Transporting.Tugboat.Tugboat:HandleClientReceivedDataArgs(ClientReceivedDataArgs)
FishNet.Transporting.Tugboat.Client.ClientSocket:IterateIncoming()
FishNet.Managing.Transporting.TransportManager:IterateIncoming(Boolean)
FishNet.Managing.Timing.TimeManager:IncreaseTick()
FishNet.Managing.Timing.TimeManager:TickUpdate()

[ line 1040904]

Only custom filters can be played. Please add a custom filter or an audioclip to the audiosource (audio source pour).
FishNet.Managing.Client.ClientObjectCache:<Iterate>g__ProcessObject|13_0(CachedNetworkObject, Boolean, Int32, <>c__DisplayClass13_0&)
FishNet.Managing.Client.ClientObjectCache:Iterate()
FishNet.Managing.Client.ClientManager:ParseReader(PooledReader, Channel, Boolean)
FishNet.Managing.Client.ClientManager:ParseReceived(ClientReceivedDataArgs)
FishNet.Managing.Client.ClientManager:Transport_OnClientReceivedData(ClientReceivedDataArgs)
FishNet.Transporting.Tugboat.Tugboat:HandleClientReceivedDataArgs(ClientReceivedDataArgs)
FishNet.Transporting.Tugboat.Client.ClientSocket:IterateIncoming()
FishNet.Managing.Transporting.TransportManager:IterateIncoming(Boolean)
FishNet.Managing.Timing.TimeManager:IncreaseTick()
FishNet.Managing.Timing.TimeManager:TickUpdate()

[ line 1040904]

Only custom filters can be played. Please add a custom filter or an audioclip to the audiosource (audio source machine).
FishNet.Managing.Client.ClientObjectCache:<Iterate>g__ProcessObject|13_0(CachedNetworkObject, Boolean, Int32, <>c__DisplayClass13_0&)
FishNet.Managing.Client.ClientObjectCache:Iterate()
FishNet.Managing.Client.ClientManager:ParseReader(PooledReader, Channel, Boolean)
FishNet.Managing.Client.ClientManager:ParseReceived(ClientReceivedDataArgs)
FishNet.Managing.Client.ClientManager:Transport_OnClientReceivedData(ClientReceivedDataArgs)
FishNet.Transporting.Tugboat.Tugboat:HandleClientReceivedDataArgs(ClientReceivedDataArgs)
FishNet.Transporting.Tugboat.Client.ClientSocket:IterateIncoming()
FishNet.Managing.Transporting.TransportManager:IterateIncoming(Boolean)
FishNet.Managing.Timing.TimeManager:IncreaseTick()
FishNet.Managing.Timing.TimeManager:TickUpdate()

[ line 1040904]

Only custom filters can be played. Please add a custom filter or an audioclip to the audiosource (Audio Source).
FishNet.Managing.Client.ClientObjectCache:<Iterate>g__ProcessObject|13_0(CachedNetworkObject, Boolean, Int32, <>c__DisplayClass13_0&)
FishNet.Managing.Client.ClientObjectCache:Iterate()
FishNet.Managing.Client.ClientManager:ParseReader(PooledReader, Channel, Boolean)
FishNet.Managing.Client.ClientManager:ParseReceived(ClientReceivedDataArgs)
FishNet.Managing.Client.ClientManager:Transport_OnClientReceivedData(ClientReceivedDataArgs)
FishNet.Transporting.Tugboat.Tugboat:HandleClientReceivedDataArgs(ClientReceivedDataArgs)
FishNet.Transporting.Tugboat.Client.ClientSocket:IterateIncoming()
FishNet.Managing.Transporting.TransportManager:IterateIncoming(Boolean)
FishNet.Managing.Timing.TimeManager:IncreaseTick()
FishNet.Managing.Timing.TimeManager:TickUpdate()

[ line 1040904]

Only custom filters can be played. Please add a custom filter or an audioclip to the audiosource (Audio Source).
FishNet.Managing.Client.ClientObjectCache:<Iterate>g__ProcessObject|13_0(CachedNetworkObject, Boolean, Int32, <>c__DisplayClass13_0&)
FishNet.Managing.Client.ClientObjectCache:Iterate()
FishNet.Managing.Client.ClientManager:ParseReader(PooledReader, Channel, Boolean)
FishNet.Managing.Client.ClientManager:ParseReceived(ClientReceivedDataArgs)
FishNet.Managing.Client.ClientManager:Transport_OnClientReceivedData(ClientReceivedDataArgs)
FishNet.Transporting.Tugboat.Tugboat:HandleClientReceivedDataArgs(ClientReceivedDataArgs)
FishNet.Transporting.Tugboat.Client.ClientSocket:IterateIncoming()
FishNet.Managing.Transporting.TransportManager:IterateIncoming(Boolean)
FishNet.Managing.Timing.TimeManager:IncreaseTick()
FishNet.Managing.Timing.TimeManager:TickUpdate()

[ line 1040904]

Only custom filters can be played. Please add a custom filter or an audioclip to the audiosource (Audio Source).
FishNet.Managing.Client.ClientObjectCache:<Iterate>g__ProcessObject|13_0(CachedNetworkObject, Boolean, Int32, <>c__DisplayClass13_0&)
FishNet.Managing.Client.ClientObjectCache:Iterate()
FishNet.Managing.Client.ClientManager:ParseReader(PooledReader, Channel, Boolean)
FishNet.Managing.Client.ClientManager:ParseReceived(ClientReceivedDataArgs)
FishNet.Managing.Client.ClientManager:Transport_OnClientReceivedData(ClientReceivedDataArgs)
FishNet.Transporting.Tugboat.Tugboat:HandleClientReceivedDataArgs(ClientReceivedDataArgs)
FishNet.Transporting.Tugboat.Client.ClientSocket:IterateIncoming()
FishNet.Managing.Transporting.TransportManager:IterateIncoming(Boolean)
FishNet.Managing.Timing.TimeManager:IncreaseTick()
FishNet.Managing.Timing.TimeManager:TickUpdate()

[ line 1040904]

Only custom filters can be played. Please add a custom filter or an audioclip to the audiosource (Audio Source).
FishNet.Managing.Client.ClientObjectCache:<Iterate>g__ProcessObject|13_0(CachedNetworkObject, Boolean, Int32, <>c__DisplayClass13_0&)
FishNet.Managing.Client.ClientObjectCache:Iterate()
FishNet.Managing.Client.ClientManager:ParseReader(PooledReader, Channel, Boolean)
FishNet.Managing.Client.ClientManager:ParseReceived(ClientReceivedDataArgs)
FishNet.Managing.Client.ClientManager:Transport_OnClientReceivedData(ClientReceivedDataArgs)
FishNet.Transporting.Tugboat.Tugboat:HandleClientReceivedDataArgs(ClientReceivedDataArgs)
FishNet.Transporting.Tugboat.Client.ClientSocket:IterateIncoming()
FishNet.Managing.Transporting.TransportManager:IterateIncoming(Boolean)
FishNet.Managing.Timing.TimeManager:IncreaseTick()
FishNet.Managing.Timing.TimeManager:TickUpdate()

[ line 1040904]

Only custom filters can be played. Please add a custom filter or an audioclip to the audiosource (audio source pour).
FishNet.Managing.Client.ClientObjectCache:<Iterate>g__ProcessObject|13_0(CachedNetworkObject, Boolean, Int32, <>c__DisplayClass13_0&)
FishNet.Managing.Client.ClientObjectCache:Iterate()
FishNet.Managing.Client.ClientManager:ParseReader(PooledReader, Channel, Boolean)
FishNet.Managing.Client.ClientManager:ParseReceived(ClientReceivedDataArgs)
FishNet.Managing.Client.ClientManager:Transport_OnClientReceivedData(ClientReceivedDataArgs)
FishNet.Transporting.Tugboat.Tugboat:HandleClientReceivedDataArgs(ClientReceivedDataArgs)
FishNet.Transporting.Tugboat.Client.ClientSocket:IterateIncoming()
FishNet.Managing.Transporting.TransportManager:IterateIncoming(Boolean)
FishNet.Managing.Timing.TimeManager:IncreaseTick()
FishNet.Managing.Timing.TimeManager:TickUpdate()

[ line 1040904]

Only custom filters can be played. Please add a custom filter or an audioclip to the audiosource (audio source machine).
FishNet.Managing.Client.ClientObjectCache:<Iterate>g__ProcessObject|13_0(CachedNetworkObject, Boolean, Int32, <>c__DisplayClass13_0&)
FishNet.Managing.Client.ClientObjectCache:Iterate()
FishNet.Managing.Client.ClientManager:ParseReader(PooledReader, Channel, Boolean)
FishNet.Managing.Client.ClientManager:ParseReceived(ClientReceivedDataArgs)
FishNet.Managing.Client.ClientManager:Transport_OnClientReceivedData(ClientReceivedDataArgs)
FishNet.Transporting.Tugboat.Tugboat:HandleClientReceivedDataArgs(ClientReceivedDataArgs)
FishNet.Transporting.Tugboat.Client.ClientSocket:IterateIncoming()
FishNet.Managing.Transporting.TransportManager:IterateIncoming(Boolean)
FishNet.Managing.Timing.TimeManager:IncreaseTick()
FishNet.Managing.Timing.TimeManager:TickUpdate()

[ line 1040904]

Only custom filters can be played. Please add a custom filter or an audioclip to the audiosource (audio source pour).
FishNet.Managing.Client.ClientObjectCache:<Iterate>g__ProcessObject|13_0(CachedNetworkObject, Boolean, Int32, <>c__DisplayClass13_0&)
FishNet.Managing.Client.ClientObjectCache:Iterate()
FishNet.Managing.Client.ClientManager:ParseReader(PooledReader, Channel, Boolean)
FishNet.Managing.Client.ClientManager:ParseReceived(ClientReceivedDataArgs)
FishNet.Managing.Client.ClientManager:Transport_OnClientReceivedData(ClientReceivedDataArgs)
FishNet.Transporting.Tugboat.Tugboat:HandleClientReceivedDataArgs(ClientReceivedDataArgs)
FishNet.Transporting.Tugboat.Client.ClientSocket:IterateIncoming()
FishNet.Managing.Transporting.TransportManager:IterateIncoming(Boolean)
FishNet.Managing.Timing.TimeManager:IncreaseTick()
FishNet.Managing.Timing.TimeManager:TickUpdate()

[ line 1040904]

Only custom filters can be played. Please add a custom filter or an audioclip to the audiosource (audio source machine).
FishNet.Managing.Client.ClientObjectCache:<Iterate>g__ProcessObject|13_0(CachedNetworkObject, Boolean, Int32, <>c__DisplayClass13_0&)
FishNet.Managing.Client.ClientObjectCache:Iterate()
FishNet.Managing.Client.ClientManager:ParseReader(PooledReader, Channel, Boolean)
FishNet.Managing.Client.ClientManager:ParseReceived(ClientReceivedDataArgs)
FishNet.Managing.Client.ClientManager:Transport_OnClientReceivedData(ClientReceivedDataArgs)
FishNet.Transporting.Tugboat.Tugboat:HandleClientReceivedDataArgs(ClientReceivedDataArgs)
FishNet.Transporting.Tugboat.Client.ClientSocket:IterateIncoming()
FishNet.Managing.Transporting.TransportManager:IterateIncoming(Boolean)
FishNet.Managing.Timing.TimeManager:IncreaseTick()
FishNet.Managing.Timing.TimeManager:TickUpdate()

[ line 1040904]

Only custom filters can be played. Please add a custom filter or an audioclip to the audiosource (audio source pour).
FishNet.Managing.Client.ClientObjectCache:<Iterate>g__ProcessObject|13_0(CachedNetworkObject, Boolean, Int32, <>c__DisplayClass13_0&)
FishNet.Managing.Client.ClientObjectCache:Iterate()
FishNet.Managing.Client.ClientManager:ParseReader(PooledReader, Channel, Boolean)
FishNet.Managing.Client.ClientManager:ParseReceived(ClientReceivedDataArgs)
FishNet.Managing.Client.ClientManager:Transport_OnClientReceivedData(ClientReceivedDataArgs)
FishNet.Transporting.Tugboat.Tugboat:HandleClientReceivedDataArgs(ClientReceivedDataArgs)
FishNet.Transporting.Tugboat.Client.ClientSocket:IterateIncoming()
FishNet.Managing.Transporting.TransportManager:IterateIncoming(Boolean)
FishNet.Managing.Timing.TimeManager:IncreaseTick()
FishNet.Managing.Timing.TimeManager:TickUpdate()

[ line 1040904]

Only custom filters can be played. Please add a custom filter or an audioclip to the audiosource (audio source machine).
FishNet.Managing.Client.ClientObjectCache:<Iterate>g__ProcessObject|13_0(CachedNetworkObject, Boolean, Int32, <>c__DisplayClass13_0&)
FishNet.Managing.Client.ClientObjectCache:Iterate()
FishNet.Managing.Client.ClientManager:ParseReader(PooledReader, Channel, Boolean)
FishNet.Managing.Client.ClientManager:ParseReceived(ClientReceivedDataArgs)
FishNet.Managing.Client.ClientManager:Transport_OnClientReceivedData(ClientReceivedDataArgs)
FishNet.Transporting.Tugboat.Tugboat:HandleClientReceivedDataArgs(ClientReceivedDataArgs)
FishNet.Transporting.Tugboat.Client.ClientSocket:IterateIncoming()
FishNet.Managing.Transporting.TransportManager:IterateIncoming(Boolean)
FishNet.Managing.Timing.TimeManager:IncreaseTick()
FishNet.Managing.Timing.TimeManager:TickUpdate()

[ line 1040904]

Only custom filters can be played. Please add a custom filter or an audioclip to the audiosource (audio source pour).
FishNet.Managing.Client.ClientObjectCache:<Iterate>g__ProcessObject|13_0(CachedNetworkObject, Boolean, Int32, <>c__DisplayClass13_0&)
FishNet.Managing.Client.ClientObjectCache:Iterate()
FishNet.Managing.Client.ClientManager:ParseReader(PooledReader, Channel, Boolean)
FishNet.Managing.Client.ClientManager:ParseReceived(ClientReceivedDataArgs)
FishNet.Managing.Client.ClientManager:Transport_OnClientReceivedData(ClientReceivedDataArgs)
FishNet.Transporting.Tugboat.Tugboat:HandleClientReceivedDataArgs(ClientReceivedDataArgs)
FishNet.Transporting.Tugboat.Client.ClientSocket:IterateIncoming()
FishNet.Managing.Transporting.TransportManager:IterateIncoming(Boolean)
FishNet.Managing.Timing.TimeManager:IncreaseTick()
FishNet.Managing.Timing.TimeManager:TickUpdate()

[ line 1040904]

Only custom filters can be played. Please add a custom filter or an audioclip to the audiosource (audio source machine).
FishNet.Managing.Client.ClientObjectCache:<Iterate>g__ProcessObject|13_0(CachedNetworkObject, Boolean, Int32, <>c__DisplayClass13_0&)
FishNet.Managing.Client.ClientObjectCache:Iterate()
FishNet.Managing.Client.ClientManager:ParseReader(PooledReader, Channel, Boolean)
FishNet.Managing.Client.ClientManager:ParseReceived(ClientReceivedDataArgs)
FishNet.Managing.Client.ClientManager:Transport_OnClientReceivedData(ClientReceivedDataArgs)
FishNet.Transporting.Tugboat.Tugboat:HandleClientReceivedDataArgs(ClientReceivedDataArgs)
FishNet.Transporting.Tugboat.Client.ClientSocket:IterateIncoming()
FishNet.Managing.Transporting.TransportManager:IterateIncoming(Boolean)
FishNet.Managing.Timing.TimeManager:IncreaseTick()
FishNet.Managing.Timing.TimeManager:TickUpdate()

[ line 1040904]

Only custom filters can be played. Please add a custom filter or an audioclip to the audiosource (Audio Source).
FishNet.Managing.Client.ClientObjectCache:<Iterate>g__ProcessObject|13_0(CachedNetworkObject, Boolean, Int32, <>c__DisplayClass13_0&)
FishNet.Managing.Client.ClientObjectCache:Iterate()
FishNet.Managing.Client.ClientManager:ParseReader(PooledReader, Channel, Boolean)
FishNet.Managing.Client.ClientManager:ParseReceived(ClientReceivedDataArgs)
FishNet.Managing.Client.ClientManager:Transport_OnClientReceivedData(ClientReceivedDataArgs)
FishNet.Transporting.Tugboat.Tugboat:HandleClientReceivedDataArgs(ClientReceivedDataArgs)
FishNet.Transporting.Tugboat.Client.ClientSocket:IterateIncoming()
FishNet.Managing.Transporting.TransportManager:IterateIncoming(Boolean)
FishNet.Managing.Timing.TimeManager:IncreaseTick()
FishNet.Managing.Timing.TimeManager:TickUpdate()

[ line 1040904]

Only custom filters can be played. Please add a custom filter or an audioclip to the audiosource (Audio Source).
FishNet.Managing.Client.ClientObjectCache:<Iterate>g__ProcessObject|13_0(CachedNetworkObject, Boolean, Int32, <>c__DisplayClass13_0&)
FishNet.Managing.Client.ClientObjectCache:Iterate()
FishNet.Managing.Client.ClientManager:ParseReader(PooledReader, Channel, Boolean)
FishNet.Managing.Client.ClientManager:ParseReceived(ClientReceivedDataArgs)
FishNet.Managing.Client.ClientManager:Transport_OnClientReceivedData(ClientReceivedDataArgs)
FishNet.Transporting.Tugboat.Tugboat:HandleClientReceivedDataArgs(ClientReceivedDataArgs)
FishNet.Transporting.Tugboat.Client.ClientSocket:IterateIncoming()
FishNet.Managing.Transporting.TransportManager:IterateIncoming(Boolean)
FishNet.Managing.Timing.TimeManager:IncreaseTick()
FishNet.Managing.Timing.TimeManager:TickUpdate()

[ line 1040904]

Only custom filters can be played. Please add a custom filter or an audioclip to the audiosource (Audio Source).
FishNet.Managing.Client.ClientObjectCache:<Iterate>g__ProcessObject|13_0(CachedNetworkObject, Boolean, Int32, <>c__DisplayClass13_0&)
FishNet.Managing.Client.ClientObjectCache:Iterate()
FishNet.Managing.Client.ClientManager:ParseReader(PooledReader, Channel, Boolean)
FishNet.Managing.Client.ClientManager:ParseReceived(ClientReceivedDataArgs)
FishNet.Managing.Client.ClientManager:Transport_OnClientReceivedData(ClientReceivedDataArgs)
FishNet.Transporting.Tugboat.Tugboat:HandleClientReceivedDataArgs(ClientReceivedDataArgs)
FishNet.Transporting.Tugboat.Client.ClientSocket:IterateIncoming()
FishNet.Managing.Transporting.TransportManager:IterateIncoming(Boolean)
FishNet.Managing.Timing.TimeManager:IncreaseTick()
FishNet.Managing.Timing.TimeManager:TickUpdate()

[ line 1040904]

Only custom filters can be played. Please add a custom filter or an audioclip to the audiosource (Audio Source).
FishNet.Managing.Client.ClientObjectCache:<Iterate>g__ProcessObject|13_0(CachedNetworkObject, Boolean, Int32, <>c__DisplayClass13_0&)
FishNet.Managing.Client.ClientObjectCache:Iterate()
FishNet.Managing.Client.ClientManager:ParseReader(PooledReader, Channel, Boolean)
FishNet.Managing.Client.ClientManager:ParseReceived(ClientReceivedDataArgs)
FishNet.Managing.Client.ClientManager:Transport_OnClientReceivedData(ClientReceivedDataArgs)
FishNet.Transporting.Tugboat.Tugboat:HandleClientReceivedDataArgs(ClientReceivedDataArgs)
FishNet.Transporting.Tugboat.Client.ClientSocket:IterateIncoming()
FishNet.Managing.Transporting.TransportManager:IterateIncoming(Boolean)
FishNet.Managing.Timing.TimeManager:IncreaseTick()
FishNet.Managing.Timing.TimeManager:TickUpdate()

[ line 1040904]

Only custom filters can be played. Please add a custom filter or an audioclip to the audiosource (Audio Source).
FishNet.Managing.Client.ClientObjectCache:<Iterate>g__ProcessObject|13_0(CachedNetworkObject, Boolean, Int32, <>c__DisplayClass13_0&)
FishNet.Managing.Client.ClientObjectCache:Iterate()
FishNet.Managing.Client.ClientManager:ParseReader(PooledReader, Channel, Boolean)
FishNet.Managing.Client.ClientManager:ParseReceived(ClientReceivedDataArgs)
FishNet.Managing.Client.ClientManager:Transport_OnClientReceivedData(ClientReceivedDataArgs)
FishNet.Transporting.Tugboat.Tugboat:HandleClientReceivedDataArgs(ClientReceivedDataArgs)
FishNet.Transporting.Tugboat.Client.ClientSocket:IterateIncoming()
FishNet.Managing.Transporting.TransportManager:IterateIncoming(Boolean)
FishNet.Managing.Timing.TimeManager:IncreaseTick()
FishNet.Managing.Timing.TimeManager:TickUpdate()

[ line 1040904]

Only custom filters can be played. Please add a custom filter or an audioclip to the audiosource (Audio Source).
FishNet.Managing.Client.ClientObjectCache:<Iterate>g__ProcessObject|13_0(CachedNetworkObject, Boolean, Int32, <>c__DisplayClass13_0&)
FishNet.Managing.Client.ClientObjectCache:Iterate()
FishNet.Managing.Client.ClientManager:ParseReader(PooledReader, Channel, Boolean)
FishNet.Managing.Client.ClientManager:ParseReceived(ClientReceivedDataArgs)
FishNet.Managing.Client.ClientManager:Transport_OnClientReceivedData(ClientReceivedDataArgs)
FishNet.Transporting.Tugboat.Tugboat:HandleClientReceivedDataArgs(ClientReceivedDataArgs)
FishNet.Transporting.Tugboat.Client.ClientSocket:IterateIncoming()
FishNet.Managing.Transporting.TransportManager:IterateIncoming(Boolean)
FishNet.Managing.Timing.TimeManager:IncreaseTick()
FishNet.Managing.Timing.TimeManager:TickUpdate()

[ line 1040904]

Only custom filters can be played. Please add a custom filter or an audioclip to the audiosource (Audio Source).
FishNet.Managing.Client.ClientObjectCache:<Iterate>g__ProcessObject|13_0(CachedNetworkObject, Boolean, Int32, <>c__DisplayClass13_0&)
FishNet.Managing.Client.ClientObjectCache:Iterate()
FishNet.Managing.Client.ClientManager:ParseReader(PooledReader, Channel, Boolean)
FishNet.Managing.Client.ClientManager:ParseReceived(ClientReceivedDataArgs)
FishNet.Managing.Client.ClientManager:Transport_OnClientReceivedData(ClientReceivedDataArgs)
FishNet.Transporting.Tugboat.Tugboat:HandleClientReceivedDataArgs(ClientReceivedDataArgs)
FishNet.Transporting.Tugboat.Client.ClientSocket:IterateIncoming()
FishNet.Managing.Transporting.TransportManager:IterateIncoming(Boolean)
FishNet.Managing.Timing.TimeManager:IncreaseTick()
FishNet.Managing.Timing.TimeManager:TickUpdate()

[ line 1040904]

Only custom filters can be played. Please add a custom filter or an audioclip to the audiosource (Audio Source).
FishNet.Managing.Client.ClientObjectCache:<Iterate>g__ProcessObject|13_0(CachedNetworkObject, Boolean, Int32, <>c__DisplayClass13_0&)
FishNet.Managing.Client.ClientObjectCache:Iterate()
FishNet.Managing.Client.ClientManager:ParseReader(PooledReader, Channel, Boolean)
FishNet.Managing.Client.ClientManager:ParseReceived(ClientReceivedDataArgs)
FishNet.Managing.Client.ClientManager:Transport_OnClientReceivedData(ClientReceivedDataArgs)
FishNet.Transporting.Tugboat.Tugboat:HandleClientReceivedDataArgs(ClientReceivedDataArgs)
FishNet.Transporting.Tugboat.Client.ClientSocket:IterateIncoming()
FishNet.Managing.Transporting.TransportManager:IterateIncoming(Boolean)
FishNet.Managing.Timing.TimeManager:IncreaseTick()
FishNet.Managing.Timing.TimeManager:TickUpdate()

[ line 1040904]

Setting linear velocity of a kinematic body is not supported.
UnityEngine.Rigidbody:set_linearVelocity(Vector3)
Lightbug.Utilities.RigidbodyComponent3D:set_Velocity(Vector3)
Lightbug.CharacterControllerPro.Core.PhysicsActor:set_Velocity(Vector3)
PlayerControl:EnableCharacterController(Boolean)
PlayerControl:OnStartClient()
FishNet.Object.NetworkObject:InvokeStartCallbacks(Boolean, Boolean)
FishNet.Managing.Client.ClientObjectCache:Iterate()
FishNet.Managing.Client.ClientManager:ParseReader(PooledReader, Channel, Boolean)
FishNet.Managing.Client.ClientManager:ParseReceived(ClientReceivedDataArgs)
FishNet.Managing.Client.ClientManager:Transport_OnClientReceivedData(ClientReceivedDataArgs)
FishNet.Transporting.Tugboat.Tugboat:HandleClientReceivedDataArgs(ClientReceivedDataArgs)
FishNet.Transporting.Tugboat.Client.ClientSocket:IterateIncoming()
FishNet.Managing.Transporting.TransportManager:IterateIncoming(Boolean)
FishNet.Managing.Timing.TimeManager:IncreaseTick()
FishNet.Managing.Timing.TimeManager:TickUpdate()

[ line 1041384]

Setting linear velocity of a kinematic body is not supported.
UnityEngine.Rigidbody:set_linearVelocity(Vector3)
Lightbug.Utilities.RigidbodyComponent3D:set_Velocity(Vector3)
Lightbug.CharacterControllerPro.Core.PhysicsActor:set_VerticalVelocity(Vector3)
PlayerControl:EnableCharacterController(Boolean)
PlayerControl:OnStartClient()
FishNet.Object.NetworkObject:InvokeStartCallbacks(Boolean, Boolean)
FishNet.Managing.Client.ClientObjectCache:Iterate()
FishNet.Managing.Client.ClientManager:ParseReader(PooledReader, Channel, Boolean)
FishNet.Managing.Client.ClientManager:ParseReceived(ClientReceivedDataArgs)
FishNet.Managing.Client.ClientManager:Transport_OnClientReceivedData(ClientReceivedDataArgs)
FishNet.Transporting.Tugboat.Tugboat:HandleClientReceivedDataArgs(ClientReceivedDataArgs)
FishNet.Transporting.Tugboat.Client.ClientSocket:IterateIncoming()
FishNet.Managing.Transporting.TransportManager:IterateIncoming(Boolean)
FishNet.Managing.Timing.TimeManager:IncreaseTick()
FishNet.Managing.Timing.TimeManager:TickUpdate()

[ line 1041320]

SledGraphic is null when trying to OnUpdateEquippedDye()
DelayAndInitialSync, Waiting for Sled.LocalSledInstance to be set
UnityEngine.DebugLogHandler:Internal_Log(LogType, LogOption, String, Object)
UnityEngine.Logger:Log(LogType, Object)
UnityEngine.Debug:Log(Object)
<DelayAndInitialSync>d__32:MoveNext()
UnityEngine.SetupCoroutine:InvokeMoveNext(IEnumerator, IntPtr)
FishNet.Object.NetworkObject:InvokeStartCallbacks(Boolean, Boolean)
FishNet.Managing.Client.ClientObjectCache:Iterate()
FishNet.Managing.Client.ClientManager:ParseReader(PooledReader, Channel, Boolean)
FishNet.Managing.Client.ClientManager:ParseReceived(ClientReceivedDataArgs)
FishNet.Managing.Client.ClientManager:Transport_OnClientReceivedData(ClientReceivedDataArgs)
FishNet.Transporting.Tugboat.Tugboat:HandleClientReceivedDataArgs(ClientReceivedDataArgs)
FishNet.Transporting.Tugboat.Client.ClientSocket:IterateIncoming()
FishNet.Managing.Transporting.TransportManager:IterateIncoming(Boolean)
FishNet.Managing.Timing.TimeManager:IncreaseTick()
FishNet.Managing.Timing.TimeManager:TickUpdate()

SledGraphic is null when trying to OnUpdateEquippedDye()
Closing all menus
UnityEngine.DebugLogHandler:Internal_Log(LogType, LogOption, String, Object)
UnityEngine.Logger:Log(LogType, Object)
UnityEngine.Debug:Log(Object)
UiReferenceController:CloseAllOpenMenus(Boolean)
PlayerControl:OnStartClient()
FishNet.Object.NetworkObject:InvokeStartCallbacks(Boolean, Boolean)
FishNet.Managing.Client.ClientObjectCache:Iterate()
FishNet.Managing.Client.ClientManager:ParseReader(PooledReader, Channel, Boolean)
FishNet.Managing.Client.ClientManager:ParseReceived(ClientReceivedDataArgs)
FishNet.Managing.Client.ClientManager:Transport_OnClientReceivedData(ClientReceivedDataArgs)
FishNet.Transporting.Tugboat.Tugboat:HandleClientReceivedDataArgs(ClientReceivedDataArgs)
FishNet.Transporting.Tugboat.Client.ClientSocket:IterateIncoming()
FishNet.Managing.Transporting.TransportManager:IterateIncoming(Boolean)
FishNet.Managing.Timing.TimeManager:IncreaseTick()
FishNet.Managing.Timing.TimeManager:TickUpdate()

Enabling map 0
UnityEngine.DebugLogHandler:Internal_Log(LogType, LogOption, String, Object)
UnityEngine.Logger:Log(LogType, Object)
UnityEngine.Debug:Log(Object)
PlayerControl:EnableMap(Int32)
UiReferenceController:CloseMenu()
UiReferenceController:CloseAllOpenMenus(Boolean)
PlayerControl:OnStartClient()
FishNet.Object.NetworkObject:InvokeStartCallbacks(Boolean, Boolean)
FishNet.Managing.Client.ClientObjectCache:Iterate()
FishNet.Managing.Client.ClientManager:ParseReader(PooledReader, Channel, Boolean)
FishNet.Managing.Client.ClientManager:ParseReceived(ClientReceivedDataArgs)
FishNet.Managing.Client.ClientManager:Transport_OnClientReceivedData(ClientReceivedDataArgs)
FishNet.Transporting.Tugboat.Tugboat:HandleClientReceivedDataArgs(ClientReceivedDataArgs)
FishNet.Transporting.Tugboat.Client.ClientSocket:IterateIncoming()
FishNet.Managing.Transporting.TransportManager:IterateIncoming(Boolean)
FishNet.Managing.Timing.TimeManager:IncreaseTick()
FishNet.Managing.Timing.TimeManager:TickUpdate()

Enabling map 0
UnityEngine.DebugLogHandler:Internal_Log(LogType, LogOption, String, Object)
UnityEngine.Logger:Log(LogType, Object)
UnityEngine.Debug:Log(Object)
PlayerControl:EnableMap(Int32)
UiReferenceController:CloseAllOpenMenus(Boolean)
PlayerControl:OnStartClient()
FishNet.Object.NetworkObject:InvokeStartCallbacks(Boolean, Boolean)
FishNet.Managing.Client.ClientObjectCache:Iterate()
FishNet.Managing.Client.ClientManager:ParseReader(PooledReader, Channel, Boolean)
FishNet.Managing.Client.ClientManager:ParseReceived(ClientReceivedDataArgs)
FishNet.Managing.Client.ClientManager:Transport_OnClientReceivedData(ClientReceivedDataArgs)
FishNet.Transporting.Tugboat.Tugboat:HandleClientReceivedDataArgs(ClientReceivedDataArgs)
FishNet.Transporting.Tugboat.Client.ClientSocket:IterateIncoming()
FishNet.Managing.Transporting.TransportManager:IterateIncoming(Boolean)
FishNet.Managing.Timing.TimeManager:IncreaseTick()
FishNet.Managing.Timing.TimeManager:TickUpdate()

Initializing player reference...
UnityEngine.DebugLogHandler:Internal_Log(LogType, LogOption, String, Object)
UnityEngine.Logger:Log(LogType, Object)
UnityEngine.Debug:Log(Object)
<InitializePlayerReferenceAsync>d__134:MoveNext()
PlayerControl:OnStartClient()
FishNet.Object.NetworkObject:InvokeStartCallbacks(Boolean, Boolean)
FishNet.Managing.Client.ClientObjectCache:Iterate()
FishNet.Managing.Client.ClientManager:ParseReader(PooledReader, Channel, Boolean)
FishNet.Managing.Client.ClientManager:ParseReceived(ClientReceivedDataArgs)
FishNet.Managing.Client.ClientManager:Transport_OnClientReceivedData(ClientReceivedDataArgs)
FishNet.Transporting.Tugboat.Tugboat:HandleClientReceivedDataArgs(ClientReceivedDataArgs)
FishNet.Transporting.Tugboat.Client.ClientSocket:IterateIncoming()
FishNet.Managing.Transporting.TransportManager:IterateIncoming(Boolean)
FishNet.Managing.Timing.TimeManager:IncreaseTick()
FishNet.Managing.Timing.TimeManager:TickUpdate()

NullReferenceException: Object reference not set to an instance of an object.
[FOCUS_DIAGNOSTIC] Focus cleared (null)
UnityEngine.DebugLogHandler:Internal_Log(LogType, LogOption, String, Object)
UnityEngine.Logger:Log(LogType, Object)
UnityEngine.Debug:Log(Object)
UiReferenceController:UpdateOnChangeSelectedGameObject()
UiReferenceController:Update()

Sled OnStart Finished Waiting for _sledGraphic
UnityEngine.DebugLogHandler:Internal_Log(LogType, LogOption, String, Object)
UnityEngine.Logger:Log(LogType, Object)
UnityEngine.Debug:Log(Object)
<Start>d__88:MoveNext()
UnityEngine.SetupCoroutine:InvokeMoveNext(IEnumerator, IntPtr)

[2026.05.01 15:21:08] Cannot complete operation as server when server is not active. You can disable this warning by setting WritePermissions to ClientUnsynchronized.
UnityEngine.DebugLogHandler:Internal_Log(LogType, LogOption, String, Object)
UnityEngine.Logger:Log(LogType, Object)
UnityEngine.Debug:LogWarning(Object)
FishNet.Managing.Logging.LevelLoggingConfiguration:LogWarning(String)
FishNet.Managing.NetworkManagerExtensions:LogWarning(NetworkManager, String)
FishNet.Object.Synchronizing.Internal.SyncBase:CanNetworkSetValues(Boolean)
FishNet.Object.Synchronizing.SyncVar`1:SetValue(T, Boolean, Boolean)
FishNet.Object.Synchronizing.SyncVar`1:set_Value(T)
PlayerControl:Local_UpdateIsGrounded(Boolean)
Lightbug.CharacterControllerPro.Core.CharacterActor:PostSimulationUpdate(Single)
Lightbug.CharacterControllerPro.Core.<PostSimulationUpdate>d__124:MoveNext()
UnityEngine.SetupCoroutine:InvokeMoveNext(IEnumerator, IntPtr)

SledGraphic is null when trying to OnUpdateEquippedDye()
DelayAndInitialSync, Waiting for Sled.LocalSledInstance to be set
UnityEngine.DebugLogHandler:Internal_Log(LogType, LogOption, String, Object)
UnityEngine.Logger:Log(LogType, Object)
UnityEngine.Debug:Log(Object)
<DelayAndInitialSync>d__32:MoveNext()
UnityEngine.SetupCoroutine:InvokeMoveNext(IEnumerator, IntPtr)
FishNet.Object.NetworkObject:InvokeStartCallbacks(Boolean, Boolean)
FishNet.Managing.Client.ClientObjectCache:Iterate()
FishNet.Managing.Client.ClientManager:ParseReader(PooledReader, Channel, Boolean)
FishNet.Managing.Client.ClientManager:ParseReceived(ClientReceivedDataArgs)
FishNet.Managing.Client.ClientManager:Transport_OnClientReceivedData(ClientReceivedDataArgs)
FishNet.Transporting.Tugboat.Tugboat:HandleClientReceivedDataArgs(ClientReceivedDataArgs)
FishNet.Transporting.Tugboat.Client.ClientSocket:IterateIncoming()
FishNet.Managing.Transporting.TransportManager:IterateIncoming(Boolean)
FishNet.Managing.Timing.TimeManager:IncreaseTick()
FishNet.Managing.Timing.TimeManager:TickUpdate()

[2026.05.01 15:21:08] Cannot complete operation as server when server is not active. You can disable this warning by setting WritePermissions to ClientUnsynchronized.
UnityEngine.DebugLogHandler:Internal_Log(LogType, LogOption, String, Object)
UnityEngine.Logger:Log(LogType, Object)
UnityEngine.Debug:LogWarning(Object)
FishNet.Managing.Logging.LevelLoggingConfiguration:LogWarning(String)
FishNet.Managing.NetworkManagerExtensions:LogWarning(NetworkManager, String)
FishNet.Object.Synchronizing.Internal.SyncBase:CanNetworkSetValues(Boolean)
FishNet.Object.Synchronizing.SyncVar`1:SetValue(T, Boolean, Boolean)
FishNet.Object.Synchronizing.SyncVar`1:set_Value(T)
PlayerUsernameController:Update()

Sled OnStart Finished Waiting for _sledGraphic
UnityEngine.DebugLogHandler:Internal_Log(LogType, LogOption, String, Object)
UnityEngine.Logger:Log(LogType, Object)
UnityEngine.Debug:Log(Object)
<Start>d__88:MoveNext()
UnityEngine.SetupCoroutine:InvokeMoveNext(IEnumerator, IntPtr)

DelayAndInitialSync, Data synced
UnityEngine.DebugLogHandler:Internal_Log(LogType, LogOption, String, Object)
UnityEngine.Logger:Log(LogType, Object)
UnityEngine.Debug:Log(Object)
<DelayAndInitialSync>d__32:MoveNext()
UnityEngine.SetupCoroutine:InvokeMoveNext(IEnumerator, IntPtr)

[LobbyManager] Calling Bootstrap.Init()...
UnityEngine.DebugLogHandler:Internal_Log(LogType, LogOption, String, Object)
UnityEngine.Logger:Log(LogType, Object)
UnityEngine.Debug:Log(Object)
_Scripts.Managers.<InitCargoDelayed>d__23:MoveNext()
Cysharp.Threading.Tasks.UniTaskCompletionSourceCore`1:TrySetResult(TResult)
Cysharp.Threading.Tasks.DelayPromise:MoveNext()
Cysharp.Threading.Tasks.Internal.PlayerLoopRunner:RunCore()

Initializing cargo32 Port...
UnityEngine.DebugLogHandler:Internal_Log(LogType, LogOption, String, Object)
UnityEngine.Logger:Log(LogType, Object)
UnityEngine.Debug:Log(Object)
cargo32.Port.API.<Init>d__0:MoveNext()
cargo32.Port.API.Bootstrap:Init()
_Scripts.Managers.<InitCargoDelayed>d__23:MoveNext()
Cysharp.Threading.Tasks.UniTaskCompletionSourceCore`1:TrySetResult(TResult)
Cysharp.Threading.Tasks.DelayPromise:MoveNext()
Cysharp.Threading.Tasks.Internal.PlayerLoopRunner:RunCore()

cargo32 | PORT | IOMODULE | DEBUG | Instance already assigned, skipping initialisation.
UnityEngine.DebugLogHandler:Internal_Log(LogType, LogOption, String, Object)
UnityEngine.Logger:Log(LogType, Object)
UnityEngine.Debug:Log(Object)
cargo32.Port.Internal.Core.Module`1:Log(String, Boolean)
cargo32.Port.Internal.Core.IO.<Bootstrap>d__6`1:MoveNext()
cargo32.Port.Internal.Core.IO.IOModule:Bootstrap()
cargo32.Port.API.<Init>d__0:MoveNext()
cargo32.Port.API.Bootstrap:Init()
_Scripts.Managers.<InitCargoDelayed>d__23:MoveNext()
Cysharp.Threading.Tasks.UniTaskCompletionSourceCore`1:TrySetResult(TResult)
Cysharp.Threading.Tasks.DelayPromise:MoveNext()
Cysharp.Threading.Tasks.Internal.PlayerLoopRunner:RunCore()

cargo32 | PORT | OSKMODULE | DEBUG | Instance already assigned, skipping initialisation.
UnityEngine.DebugLogHandler:Internal_Log(LogType, LogOption, String, Object)
UnityEngine.Logger:Log(LogType, Object)
UnityEngine.Debug:Log(Object)
cargo32.Port.Internal.Core.Module`1:Log(String, Boolean)
cargo32.Port.Internal.Core.OSK.<Bootstrap>d__6`1:MoveNext()
cargo32.Port.Internal.Core.IO.IOModule:Bootstrap()
cargo32.Port.API.<Init>d__0:MoveNext()
cargo32.Port.API.Bootstrap:Init()
_Scripts.Managers.<InitCargoDelayed>d__23:MoveNext()
Cysharp.Threading.Tasks.UniTaskCompletionSourceCore`1:TrySetResult(TResult)
Cysharp.Threading.Tasks.DelayPromise:MoveNext()
Cysharp.Threading.Tasks.Internal.PlayerLoopRunner:RunCore()

cargo32 | PORT | MANAGERMODULE | DEBUG | Instance already assigned, skipping initialisation.
UnityEngine.DebugLogHandler:Internal_Log(LogType, LogOption, String, Object)
UnityEngine.Logger:Log(LogType, Object)
UnityEngine.Debug:Log(Object)
cargo32.Port.Internal.Core.Module`1:Log(String, Boolean)
cargo32.Port.Internal.Core.<Bootstrap>d__6`1:MoveNext()
cargo32.Port.Internal.Core.IO.IOModule:Bootstrap()
cargo32.Port.API.<Init>d__0:MoveNext()
cargo32.Port.API.Bootstrap:Init()
_Scripts.Managers.<InitCargoDelayed>d__23:MoveNext()
Cysharp.Threading.Tasks.UniTaskCompletionSourceCore`1:TrySetResult(TResult)
Cysharp.Threading.Tasks.DelayPromise:MoveNext()
Cysharp.Threading.Tasks.Internal.PlayerLoopRunner:RunCore()

cargo32 | PORT | USERSMODULE | DEBUG | Instance already assigned, skipping initialisation.
UnityEngine.DebugLogHandler:Internal_Log(LogType, LogOption, String, Object)
UnityEngine.Logger:Log(LogType, Object)
UnityEngine.Debug:Log(Object)
cargo32.Port.Internal.Core.Module`1:Log(String, Boolean)
cargo32.Port.Internal.Core.Users.<Bootstrap>d__34`1:MoveNext()
cargo32.Port.Internal.Core.IO.IOModule:Bootstrap()
cargo32.Port.API.<Init>d__0:MoveNext()
cargo32.Port.API.Bootstrap:Init()
_Scripts.Managers.<InitCargoDelayed>d__23:MoveNext()
Cysharp.Threading.Tasks.UniTaskCompletionSourceCore`1:TrySetResult(TResult)
Cysharp.Threading.Tasks.DelayPromise:MoveNext()
Cysharp.Threading.Tasks.Internal.PlayerLoopRunner:RunCore()

cargo32 | PORT | ACHIEVEMENTSMODULE | DEBUG | Instance already assigned, skipping initialisation.
UnityEngine.DebugLogHandler:Internal_Log(LogType, LogOption, String, Object)
UnityEngine.Logger:Log(LogType, Object)
UnityEngine.Debug:Log(Object)
cargo32.Port.Internal.Core.Module`1:Log(String, Boolean)
cargo32.Port.Internal.Core.Achievements.<Bootstrap>d__32`1:MoveNext()
cargo32.Port.Internal.Core.Achievements.AchievementsModule:Bootstrap()
cargo32.Port.API.<Init>d__0:MoveNext()
cargo32.Port.API.Bootstrap:Init()
_Scripts.Managers.<InitCargoDelayed>d__23:MoveNext()
Cysharp.Threading.Tasks.UniTaskCompletionSourceCore`1:TrySetResult(TResult)
Cysharp.Threading.Tasks.DelayPromise:MoveNext()
Cysharp.Threading.Tasks.Internal.PlayerLoopRunner:RunCore()

cargo32 | PORT | GLYPHSMODULE | DEBUG | Instance already assigned, skipping initialisation.
UnityEngine.DebugLogHandler:Internal_Log(LogType, LogOption, String, Object)
UnityEngine.Logger:Log(LogType, Object)
UnityEngine.Debug:Log(Object)
cargo32.Port.Internal.Core.Module`1:Log(String, Boolean)
cargo32.Port.Internal.Core.Glyphs.<Bootstrap>d__11:MoveNext()
cargo32.Port.Internal.Core.Glyphs.GlyphsModule:Bootstrap()
cargo32.Port.API.<Init>d__0:MoveNext()
cargo32.Port.API.Bootstrap:Init()
_Scripts.Managers.<InitCargoDelayed>d__23:MoveNext()
Cysharp.Threading.Tasks.UniTaskCompletionSourceCore`1:TrySetResult(TResult)
Cysharp.Threading.Tasks.DelayPromise:MoveNext()
Cysharp.Threading.Tasks.Internal.PlayerLoopRunner:RunCore()

Bootstrap initialization complete.
UnityEngine.DebugLogHandler:Internal_Log(LogType, LogOption, String, Object)
UnityEngine.Logger:Log(LogType, Object)
UnityEngine.Debug:Log(Object)
cargo32.Port.API.<Init>d__0:MoveNext()
cargo32.Port.API.Bootstrap:Init()
_Scripts.Managers.<InitCargoDelayed>d__23:MoveNext()
Cysharp.Threading.Tasks.UniTaskCompletionSourceCore`1:TrySetResult(TResult)
Cysharp.Threading.Tasks.DelayPromise:MoveNext()
Cysharp.Threading.Tasks.Internal.PlayerLoopRunner:RunCore()

[LobbyManager] Bootstrap.Init() completed successfully.
UnityEngine.DebugLogHandler:Internal_Log(LogType, LogOption, String, Object)
UnityEngine.Logger:Log(LogType, Object)
UnityEngine.Debug:Log(Object)
_Scripts.Managers.<InitCargoDelayed>d__23:MoveNext()
Cysharp.Threading.Tasks.UniTaskCompletionSourceCore`1:TrySetResult(TResult)
Cysharp.Threading.Tasks.DelayPromise:MoveNext()
Cysharp.Threading.Tasks.Internal.PlayerLoopRunner:RunCore()

[LobbyManager] Checking for EOSManager.InstanceMonoBehaviour...
UnityEngine.DebugLogHandler:Internal_Log(LogType, LogOption, String, Object)
UnityEngine.Logger:Log(LogType, Object)
UnityEngine.Debug:Log(Object)
_Scripts.Managers.<InitCargoDelayed>d__23:MoveNext()
Cysharp.Threading.Tasks.UniTaskCompletionSourceCore`1:TrySetResult(TResult)
Cysharp.Threading.Tasks.DelayPromise:MoveNext()
Cysharp.Threading.Tasks.Internal.PlayerLoopRunner:RunCore()

[LobbyManager] EOSManager.InstanceMonoBehaviour found. Calling EOSManager.Instance.Init()...
UnityEngine.DebugLogHandler:Internal_Log(LogType, LogOption, String, Object)
UnityEngine.Logger:Log(LogType, Object)
UnityEngine.Debug:Log(Object)
_Scripts.Managers.<InitCargoDelayed>d__23:MoveNext()
Cysharp.Threading.Tasks.UniTaskCompletionSourceCore`1:TrySetResult(TResult)
Cysharp.Threading.Tasks.DelayPromise:MoveNext()
Cysharp.Threading.Tasks.Internal.PlayerLoopRunner:RunCore()

[LobbyManager] InitCargoDelayed failed with exception: System.NullReferenceException: Object reference not set to an instance of an object.
  at _Scripts.Managers.LobbyManager.InitCargoDelayed () [0x00000] in <00000000000000000000000000000000>:0 
  at Cysharp.Threading.Tasks.UniTaskCompletionSourceCore`1[TResult].TrySetResult (TResult result) [0x00000] in <00000000000000000000000000000000>:0 
  at Cysharp.Threading.Tasks.UniTask+DelayPromise.MoveNext () [0x00000] in <00000000000000000000000000000000>:0 
  at Cysharp.Threading.Tasks.Internal.PlayerLoopRunner.RunCore () [0x00000] in <00000000000000000000000000000000>:0 
Changing to Force Sync
UnityEngine.DebugLogHandler:Internal_Log(LogType, LogOption, String, Object)
UnityEngine.Logger:Log(LogType, Object)
UnityEngine.Debug:Log(Object)
<Start>d__143:MoveNext()
UnityEngine.SetupCoroutine:InvokeMoveNext(IEnumerator, IntPtr)

Show Players Input Pressed
UnityEngine.DebugLogHandler:Internal_Log(LogType, LogOption, String, Object)
UnityEngine.Logger:Log(LogType, Object)
UnityEngine.Debug:Log(Object)
UiReferenceController:HandleInput_WhenInLobby()
UiReferenceController:Update()

Enabling map 3
UnityEngine.DebugLogHandler:Internal_Log(LogType, LogOption, String, Object)
UnityEngine.Logger:Log(LogType, Object)
UnityEngine.Debug:Log(Object)
PlayerControl:EnableMap(Int32)
UiReferenceController:OpenMenu(UiToggleableMenu)
UiReferenceController:HandleInput_WhenInLobby()
UiReferenceController:Update()

[FOCUS_DIAGNOSTIC] Focus drift detected. Selected: null, expected menu: (Canvas) (Menu) Player List (off). Refocusing...
UnityEngine.DebugLogHandler:Internal_Log(LogType, LogOption, String, Object)
UnityEngine.Logger:Log(LogType, Object)
UnityEngine.Debug:LogWarning(Object)
UiReferenceController:EnsureTopMenuHasValidSelection()
UiReferenceController:JoystickOnlyUpdate()
UiReferenceController:Update()

[FOCUS_DIAGNOSTIC] Focus changed to: SledCoop_PlayerList_0 (UnityEngine.GameObject)
UnityEngine.DebugLogHandler:Internal_Log(LogType, LogOption, String, Object)
UnityEngine.Logger:Log(LogType, Object, Object)
UnityEngine.Debug:Log(Object, Object)
UiReferenceController:UpdateOnChangeSelectedGameObject()
UiReferenceController:Update()

DelayAndSetSelected: SledCoop_PlayerList_0
UnityEngine.DebugLogHandler:Internal_Log(LogType, LogOption, String, Object)
UnityEngine.Logger:Log(LogType, Object)
UnityEngine.Debug:Log(Object)
<DelayAndSetSelectedCoroutine>d__173:MoveNext()
UnityEngine.SetupCoroutine:InvokeMoveNext(IEnumerator, IntPtr)

Enabling map 0
UnityEngine.DebugLogHandler:Internal_Log(LogType, LogOption, String, Object)
UnityEngine.Logger:Log(LogType, Object)
UnityEngine.Debug:Log(Object)
PlayerControl:EnableMap(Int32)
UiReferenceController:CloseMenu()
UiReferenceController:HandleInput_RegardlessOfNetwork()
UiReferenceController:Update()

UICancel Input Pressed
UnityEngine.DebugLogHandler:Internal_Log(LogType, LogOption, String, Object)
UnityEngine.Logger:Log(LogType, Object)
UnityEngine.Debug:Log(Object)
UiReferenceController:HandleInput_RegardlessOfNetwork()
UiReferenceController:Update()

Disabling chatbox
UnityEngine.DebugLogHandler:Internal_Log(LogType, LogOption, String, Object)
UnityEngine.Logger:Log(LogType, Object)
UnityEngine.Debug:Log(Object)
_Scripts.Systems.Chat.ChatManager:Update()

[FOCUS_DIAGNOSTIC] Focus cleared (null)
UnityEngine.DebugLogHandler:Internal_Log(LogType, LogOption, String, Object)
UnityEngine.Logger:Log(LogType, Object)
UnityEngine.Debug:Log(Object)
UiReferenceController:UpdateOnChangeSelectedGameObject()
UiReferenceController:Update()

Paused Input Pressed
UnityEngine.DebugLogHandler:Internal_Log(LogType, LogOption, String, Object)
UnityEngine.Logger:Log(LogType, Object)
UnityEngine.Debug:Log(Object)
UiReferenceController:HandleInput_RegardlessOfNetwork()
UiReferenceController:Update()

UIPanel::ShowPanel() Setting first selectable to (Button) Resume
UnityEngine.DebugLogHandler:Internal_Log(LogType, LogOption, String, Object)
UnityEngine.Logger:Log(LogType, Object)
UnityEngine.Debug:Log(Object)
_Scripts.UI.Components.UIPanel:ShowPanel()
_Scripts.UI.In_Game.UIPausePanel:ShowPanel()
UiReferenceController:OpenMenu(UiToggleableMenu)
UiReferenceController:HandleInput_RegardlessOfNetwork()
UiReferenceController:Update()

Enabling map 3
UnityEngine.DebugLogHandler:Internal_Log(LogType, LogOption, String, Object)
UnityEngine.Logger:Log(LogType, Object)
UnityEngine.Debug:Log(Object)
PlayerControl:EnableMap(Int32)
UiReferenceController:OpenMenu(UiToggleableMenu)
UiReferenceController:HandleInput_RegardlessOfNetwork()
UiReferenceController:Update()

Manually selecting (Button) Resume
UnityEngine.DebugLogHandler:Internal_Log(LogType, LogOption, String, Object)
UnityEngine.Logger:Log(LogType, Object)
UnityEngine.Debug:Log(Object)
UiReferenceController:OpenMenu(UiToggleableMenu)
UiReferenceController:HandleInput_RegardlessOfNetwork()
UiReferenceController:Update()

[FOCUS_DIAGNOSTIC] Focus changed to: (Button) Resume (UnityEngine.GameObject)
UnityEngine.DebugLogHandler:Internal_Log(LogType, LogOption, String, Object)
UnityEngine.Logger:Log(LogType, Object, Object)
UnityEngine.Debug:Log(Object, Object)
UiReferenceController:UpdateOnChangeSelectedGameObject()
UiReferenceController:Update()

DelayAndSetSelected: (Button) Resume
UnityEngine.DebugLogHandler:Internal_Log(LogType, LogOption, String, Object)
UnityEngine.Logger:Log(LogType, Object)
UnityEngine.Debug:Log(Object)
<DelayAndSetSelectedCoroutine>d__173:MoveNext()
UnityEngine.SetupCoroutine:InvokeMoveNext(IEnumerator, IntPtr)

[FOCUS_DIAGNOSTIC] Focus changed to: (Button) Settings (UnityEngine.GameObject)
UnityEngine.DebugLogHandler:Internal_Log(LogType, LogOption, String, Object)
UnityEngine.Logger:Log(LogType, Object, Object)
UnityEngine.Debug:Log(Object, Object)
UiReferenceController:UpdateOnChangeSelectedGameObject()
UiReferenceController:Update()

[FOCUS_DIAGNOSTIC] Focus changed to: (Button) Reset Position (UnityEngine.GameObject)
UnityEngine.DebugLogHandler:Internal_Log(LogType, LogOption, String, Object)
UnityEngine.Logger:Log(LogType, Object, Object)
UnityEngine.Debug:Log(Object, Object)
UiReferenceController:UpdateOnChangeSelectedGameObject()
UiReferenceController:Update()

[FOCUS_DIAGNOSTIC] Focus changed to: (Button) view players (UnityEngine.GameObject)
UnityEngine.DebugLogHandler:Internal_Log(LogType, LogOption, String, Object)
UnityEngine.Logger:Log(LogType, Object, Object)
UnityEngine.Debug:Log(Object, Object)
UiReferenceController:UpdateOnChangeSelectedGameObject()
UiReferenceController:Update()

[FOCUS_DIAGNOSTIC] Focus changed to: (Button) Invite Friends (1) (UnityEngine.GameObject)
UnityEngine.DebugLogHandler:Internal_Log(LogType, LogOption, String, Object)
UnityEngine.Logger:Log(LogType, Object, Object)
UnityEngine.Debug:Log(Object, Object)
UiReferenceController:UpdateOnChangeSelectedGameObject()
UiReferenceController:Update()

[FOCUS_DIAGNOSTIC] Focus changed to: (Button) toggle mute (UnityEngine.GameObject)
UnityEngine.DebugLogHandler:Internal_Log(LogType, LogOption, String, Object)
UnityEngine.Logger:Log(LogType, Object, Object)
UnityEngine.Debug:Log(Object, Object)
UiReferenceController:UpdateOnChangeSelectedGameObject()
UiReferenceController:Update()

[FOCUS_DIAGNOSTIC] Focus changed to: (Button) Quit Application (UnityEngine.GameObject)
UnityEngine.DebugLogHandler:Internal_Log(LogType, LogOption, String, Object)
UnityEngine.Logger:Log(LogType, Object, Object)
UnityEngine.Debug:Log(Object, Object)
UiReferenceController:UpdateOnChangeSelectedGameObject()
UiReferenceController:Update()

[FOCUS_DIAGNOSTIC] Focus changed to: (Button) Leave Lobby (UnityEngine.GameObject)
UnityEngine.DebugLogHandler:Internal_Log(LogType, LogOption, String, Object)
UnityEngine.Logger:Log(LogType, Object, Object)
UnityEngine.Debug:Log(Object, Object)
UiReferenceController:UpdateOnChangeSelectedGameObject()
UiReferenceController:Update()

NullReferenceException: Object reference not set to an instance of an object.
Resetting race variables
UnityEngine.DebugLogHandler:Internal_Log(LogType, LogOption, String, Object)
UnityEngine.Logger:Log(LogType, Object)
UnityEngine.Debug:Log(Object)
PlayerRacingController:OnStopClient()
FishNet.Object.NetworkObject:InvokeStopCallbacks(Boolean, Boolean)
FishNet.Object.NetworkObject:OnDestroy()

NullReferenceException: Object reference not set to an instance of an object.
Updating recently played with (Game Ended)
UnityEngine.DebugLogHandler:Internal_Log(LogType, LogOption, String, Object)
UnityEngine.Logger:Log(LogType, Object)
UnityEngine.Debug:Log(Object)
PlayerReferenceManager:OnPlayerReferenceCleared()
PlayerReferenceManager:OnStopClient()
FishNet.Object.NetworkObject:InvokeStopCallbacks(Boolean, Boolean)
FishNet.Object.NetworkObject:Deinitialize(Boolean)
FishNet.Managing.Object.ManagedObjects:DespawnWithoutSynchronization(NetworkObject, Boolean, Boolean, DespawnType, Boolean)
FishNet.Managing.Object.ManagedObjects:DespawnWithoutSynchronization(Boolean, Boolean)
FishNet.Managing.Client.ClientObjects:OnClientConnectionState(ClientConnectionStateArgs)
FishNet.Managing.Client.ClientManager:Transport_OnClientConnectionState(ClientConnectionStateArgs)
FishNet.Transporting.Tugboat.Client.ClientSocket:StopConnection(Nullable`1)
FishNet.Transporting.Tugboat.Tugboat:StopConnection(Boolean)
FishNet.Transporting.FishyEOSPlugin.FishyEOS:Shutdown()
FishNet.Transporting.Tugboat.Tugboat:OnDestroy()

[2026.05.01 15:21:24] Cannot complete operation as server when server is not active. You can disable this warning by setting WritePermissions to ClientUnsynchronized.
UnityEngine.DebugLogHandler:Internal_Log(LogType, LogOption, String, Object)
UnityEngine.Logger:Log(LogType, Object)
UnityEngine.Debug:LogWarning(Object)
FishNet.Managing.Logging.LevelLoggingConfiguration:LogWarning(String)
FishNet.Managing.NetworkManagerExtensions:LogWarning(NetworkManager, String)
FishNet.Object.Synchronizing.Internal.SyncBase:CanNetworkSetValues(Boolean)
FishNet.Object.Synchronizing.SyncVar`1:SetValue(T, Boolean, Boolean)
FishNet.Object.Synchronizing.SyncVar`1:set_Value(T)
FishNet.Object.NetworkObject:InvokeStopCallbacks(Boolean, Boolean)
FishNet.Object.NetworkObject:Deinitialize(Boolean)
FishNet.Managing.Object.ManagedObjects:DespawnWithoutSynchronization(NetworkObject, Boolean, Boolean, DespawnType, Boolean)
FishNet.Managing.Object.ManagedObjects:DespawnWithoutSynchronization(Boolean, Boolean)
FishNet.Managing.Client.ClientObjects:OnClientConnectionState(ClientConnectionStateArgs)
FishNet.Managing.Client.ClientManager:Transport_OnClientConnectionState(ClientConnectionStateArgs)
FishNet.Transporting.Tugboat.Client.ClientSocket:StopConnection(Nullable`1)
FishNet.Transporting.Tugboat.Tugboat:StopConnection(Boolean)
FishNet.Transporting.FishyEOSPlugin.FishyEOS:Shutdown()
FishNet.Transporting.Tugboat.Tugboat:OnDestroy()

[2026.05.01 15:21:24] Cannot complete operation as server when server is not active. You can disable this warning by setting WritePermissions to ClientUnsynchronized.
UnityEngine.DebugLogHandler:Internal_Log(LogType, LogOption, String, Object)
UnityEngine.Logger:Log(LogType, Object)
UnityEngine.Debug:LogWarning(Object)
FishNet.Managing.Logging.LevelLoggingConfiguration:LogWarning(String)
FishNet.Managing.NetworkManagerExtensions:LogWarning(NetworkManager, String)
FishNet.Object.Synchronizing.Internal.SyncBase:CanNetworkSetValues(Boolean)
FishNet.Object.Synchronizing.SyncVar`1:SetValue(T, Boolean, Boolean)
FishNet.Object.Synchronizing.SyncVar`1:set_Value(T)
FishNet.Object.NetworkObject:InvokeStopCallbacks(Boolean, Boolean)
FishNet.Object.NetworkObject:Deinitialize(Boolean)
FishNet.Managing.Object.ManagedObjects:DespawnWithoutSynchronization(NetworkObject, Boolean, Boolean, DespawnType, Boolean)
FishNet.Managing.Object.ManagedObjects:DespawnWithoutSynchronization(Boolean, Boolean)
FishNet.Managing.Client.ClientObjects:OnClientConnectionState(ClientConnectionStateArgs)
FishNet.Managing.Client.ClientManager:Transport_OnClientConnectionState(ClientConnectionStateArgs)
FishNet.Transporting.Tugboat.Client.ClientSocket:StopConnection(Nullable`1)
FishNet.Transporting.Tugboat.Tugboat:StopConnection(Boolean)
FishNet.Transporting.FishyEOSPlugin.FishyEOS:Shutdown()
FishNet.Transporting.Tugboat.Tugboat:OnDestroy()

[2026.05.01 15:21:24] Cannot complete action because server is not active. This may also occur if the object is not yet initialized, has deinitialized, or if it does not contain a NetworkObject component.
UnityEngine.DebugLogHandler:Internal_Log(LogType, LogOption, String, Object)
UnityEngine.Logger:Log(LogType, Object)
UnityEngine.Debug:LogWarning(Object)
FishNet.Managing.Logging.LevelLoggingConfiguration:LogWarning(String)
FishNet.Managing.NetworkManagerExtensions:LogWarning(NetworkManager, String)
FishNet.Object.NetworkObject:InvokeStopCallbacks(Boolean, Boolean)
FishNet.Object.NetworkObject:Deinitialize(Boolean)
FishNet.Managing.Object.ManagedObjects:DespawnWithoutSynchronization(NetworkObject, Boolean, Boolean, DespawnType, Boolean)
FishNet.Managing.Object.ManagedObjects:DespawnWithoutSynchronization(Boolean, Boolean)
FishNet.Managing.Client.ClientObjects:OnClientConnectionState(ClientConnectionStateArgs)
FishNet.Managing.Client.ClientManager:Transport_OnClientConnectionState(ClientConnectionStateArgs)
FishNet.Transporting.Tugboat.Client.ClientSocket:StopConnection(Nullable`1)
FishNet.Transporting.Tugboat.Tugboat:StopConnection(Boolean)
FishNet.Transporting.FishyEOSPlugin.FishyEOS:Shutdown()
FishNet.Transporting.Tugboat.Tugboat:OnDestroy()

[2026.05.01 15:21:24] Cannot complete operation as server when server is not active. You can disable this warning by setting WritePermissions to ClientUnsynchronized.
UnityEngine.DebugLogHandler:Internal_Log(LogType, LogOption, String, Object)
UnityEngine.Logger:Log(LogType, Object)
UnityEngine.Debug:LogWarning(Object)
FishNet.Managing.Logging.LevelLoggingConfiguration:LogWarning(String)
FishNet.Managing.NetworkManagerExtensions:LogWarning(NetworkManager, String)
FishNet.Object.Synchronizing.Internal.SyncBase:CanNetworkSetValues(Boolean)
FishNet.Object.Synchronizing.SyncVar`1:SetValue(T, Boolean, Boolean)
FishNet.Object.Synchronizing.SyncVar`1:set_Value(T)
FishNet.Object.NetworkObject:InvokeStopCallbacks(Boolean, Boolean)
FishNet.Object.NetworkObject:Deinitialize(Boolean)
FishNet.Managing.Object.ManagedObjects:DespawnWithoutSynchronization(NetworkObject, Boolean, Boolean, DespawnType, Boolean)
FishNet.Managing.Object.ManagedObjects:DespawnWithoutSynchronization(Boolean, Boolean)
FishNet.Managing.Client.ClientObjects:OnClientConnectionState(ClientConnectionStateArgs)
FishNet.Managing.Client.ClientManager:Transport_OnClientConnectionState(ClientConnectionStateArgs)
FishNet.Transporting.Tugboat.Client.ClientSocket:StopConnection(Nullable`1)
FishNet.Transporting.Tugboat.Tugboat:StopConnection(Boolean)
FishNet.Transporting.FishyEOSPlugin.FishyEOS:Shutdown()
FishNet.Transporting.Tugboat.Tugboat:OnDestroy()

[2026.05.01 15:21:24] Cannot complete operation as server when server is not active. You can disable this warning by setting WritePermissions to ClientUnsynchronized.
UnityEngine.DebugLogHandler:Internal_Log(LogType, LogOption, String, Object)
UnityEngine.Logger:Log(LogType, Object)
UnityEngine.Debug:LogWarning(Object)
FishNet.Managing.Logging.LevelLoggingConfiguration:LogWarning(String)
FishNet.Managing.NetworkManagerExtensions:LogWarning(NetworkManager, String)
FishNet.Object.Synchronizing.Internal.SyncBase:CanNetworkSetValues(Boolean)
FishNet.Object.Synchronizing.SyncVar`1:SetValue(T, Boolean, Boolean)
FishNet.Object.Synchronizing.SyncVar`1:set_Value(T)
FishNet.Object.NetworkObject:InvokeStopCallbacks(Boolean, Boolean)
FishNet.Object.NetworkObject:Deinitialize(Boolean)
FishNet.Managing.Object.ManagedObjects:DespawnWithoutSynchronization(NetworkObject, Boolean, Boolean, DespawnType, Boolean)
FishNet.Managing.Object.ManagedObjects:DespawnWithoutSynchronization(Boolean, Boolean)
FishNet.Managing.Client.ClientObjects:OnClientConnectionState(ClientConnectionStateArgs)
FishNet.Managing.Client.ClientManager:Transport_OnClientConnectionState(ClientConnectionStateArgs)
FishNet.Transporting.Tugboat.Client.ClientSocket:StopConnection(Nullable`1)
FishNet.Transporting.Tugboat.Tugboat:StopConnection(Boolean)
FishNet.Transporting.FishyEOSPlugin.FishyEOS:Shutdown()
FishNet.Transporting.Tugboat.Tugboat:OnDestroy()

[2026.05.01 15:21:24] Cannot complete operation as server when server is not active. You can disable this warning by setting WritePermissions to ClientUnsynchronized.
UnityEngine.DebugLogHandler:Internal_Log(LogType, LogOption, String, Object)
UnityEngine.Logger:Log(LogType, Object)
UnityEngine.Debug:LogWarning(Object)
FishNet.Managing.Logging.LevelLoggingConfiguration:LogWarning(String)
FishNet.Managing.NetworkManagerExtensions:LogWarning(NetworkManager, String)
FishNet.Object.Synchronizing.Internal.SyncBase:CanNetworkSetValues(Boolean)
FishNet.Object.Synchronizing.SyncVar`1:SetValue(T, Boolean, Boolean)
FishNet.Object.Synchronizing.SyncVar`1:set_Value(T)
FishNet.Object.NetworkObject:InvokeStopCallbacks(Boolean, Boolean)
FishNet.Object.NetworkObject:Deinitialize(Boolean)
FishNet.Managing.Object.ManagedObjects:DespawnWithoutSynchronization(NetworkObject, Boolean, Boolean, DespawnType, Boolean)
FishNet.Managing.Object.ManagedObjects:DespawnWithoutSynchronization(Boolean, Boolean)
FishNet.Managing.Client.ClientObjects:OnClientConnectionState(ClientConnectionStateArgs)
FishNet.Managing.Client.ClientManager:Transport_OnClientConnectionState(ClientConnectionStateArgs)
FishNet.Transporting.Tugboat.Client.ClientSocket:StopConnection(Nullable`1)
FishNet.Transporting.Tugboat.Tugboat:StopConnection(Boolean)
FishNet.Transporting.FishyEOSPlugin.FishyEOS:Shutdown()
FishNet.Transporting.Tugboat.Tugboat:OnDestroy()

[2026.05.01 15:21:24] Cannot complete operation as server when server is not active. You can disable this warning by setting WritePermissions to ClientUnsynchronized.
UnityEngine.DebugLogHandler:Internal_Log(LogType, LogOption, String, Object)
UnityEngine.Logger:Log(LogType, Object)
UnityEngine.Debug:LogWarning(Object)
FishNet.Managing.Logging.LevelLoggingConfiguration:LogWarning(String)
FishNet.Managing.NetworkManagerExtensions:LogWarning(NetworkManager, String)
FishNet.Object.Synchronizing.Internal.SyncBase:CanNetworkSetValues(Boolean)
FishNet.Object.Synchronizing.SyncVar`1:SetValue(T, Boolean, Boolean)
FishNet.Object.Synchronizing.SyncVar`1:set_Value(T)
FishNet.Object.NetworkObject:InvokeStopCallbacks(Boolean, Boolean)
FishNet.Object.NetworkObject:Deinitialize(Boolean)
FishNet.Managing.Object.ManagedObjects:DespawnWithoutSynchronization(NetworkObject, Boolean, Boolean, DespawnType, Boolean)
FishNet.Managing.Object.ManagedObjects:DespawnWithoutSynchronization(Boolean, Boolean)
FishNet.Managing.Client.ClientObjects:OnClientConnectionState(ClientConnectionStateArgs)
FishNet.Managing.Client.ClientManager:Transport_OnClientConnectionState(ClientConnectionStateArgs)
FishNet.Transporting.Tugboat.Client.ClientSocket:StopConnection(Nullable`1)
FishNet.Transporting.Tugboat.Tugboat:StopConnection(Boolean)
FishNet.Transporting.FishyEOSPlugin.FishyEOS:Shutdown()
FishNet.Transporting.Tugboat.Tugboat:OnDestroy()

Rewired: Rewired is not initialized. You must have an active and enabled Rewired Input Manager in the scene before calling any part of the Rewired API.
------- Rewired System Info -------
Unity version: 6000.3.12f1
Rewired version: 1.1.62.7.U6000
Platform: Windows
Using Unity input: False
Rewired: Rewired is not initialized. You must have an active and enabled Rewired Input Manager in the scene before calling any part of the Rewired API.
------- Rewired System Info -------
Unity version: 6000.3.12f1
Rewired version: 1.1.62.7.U6000
Platform: Windows
Using Unity input: False
System.Exception: SelectedLocale is null. Database could not get table.
OperationException : SelectedLocale is null. Could not get table entry.
System.Exception: SelectedLocale is null. Database could not get table.
OperationException : SelectedLocale is null. Could not get table entry.
System.Exception: SelectedLocale is null. Database could not get table.
OperationException : SelectedLocale is null. Could not get table entry.
System.Exception: SelectedLocale is null. Database could not get table.
OperationException : SelectedLocale is null. Could not get table entry.
System.Exception: SelectedLocale is null. Database could not get table.
OperationException : SelectedLocale is null. Could not get table entry.
System.Exception: SelectedLocale is null. Database could not get table.
OperationException : SelectedLocale is null. Could not get table entry.
System.Exception: SelectedLocale is null. Database could not get table.
OperationException : SelectedLocale is null. Could not get table entry.
UIPanel::ShowPanel() Setting first selectable to (Button) HOST
UnityEngine.DebugLogHandler:Internal_Log(LogType, LogOption, String, Object)
UnityEngine.Logger:Log(LogType, Object)
UnityEngine.Debug:Log(Object)
_Scripts.UI.Components.UIPanel:ShowPanel()
UiReferenceController:OpenMenu(UiToggleableMenu)
UiReferenceController:ReturnToMainMenu(PopupMessage)
PlayerControl:OnStopClient()
FishNet.Object.NetworkObject:InvokeStopCallbacks(Boolean, Boolean)
FishNet.Object.NetworkObject:Deinitialize(Boolean)
FishNet.Managing.Object.ManagedObjects:DespawnWithoutSynchronization(NetworkObject, Boolean, Boolean, DespawnType, Boolean)
FishNet.Managing.Object.ManagedObjects:DespawnWithoutSynchronization(Boolean, Boolean)
FishNet.Managing.Client.ClientObjects:OnClientConnectionState(ClientConnectionStateArgs)
FishNet.Managing.Client.ClientManager:Transport_OnClientConnectionState(ClientConnectionStateArgs)
FishNet.Transporting.Tugboat.Client.ClientSocket:StopConnection(Nullable`1)
FishNet.Transporting.Tugboat.Tugboat:StopConnection(Boolean)
FishNet.Transporting.FishyEOSPlugin.FishyEOS:Shutdown()
FishNet.Transporting.Tugboat.Tugboat:OnDestroy()

Rewired: Rewired is not initialized. Do you have a Rewired Input Manager in the scene and enabled?
------- Rewired System Info -------
Unity version: 6000.3.12f1
Rewired version: 1.1.62.7.U6000
Platform: Windows
Using Unity input: False
Resetting race variables
UnityEngine.DebugLogHandler:Internal_Log(LogType, LogOption, String, Object)
UnityEngine.Logger:Log(LogType, Object)
UnityEngine.Debug:Log(Object)
PlayerRacingController:OnStopClient()
FishNet.Object.NetworkObject:InvokeStopCallbacks(Boolean, Boolean)
FishNet.Object.NetworkObject:Deinitialize(Boolean)
FishNet.Managing.Object.ManagedObjects:DespawnWithoutSynchronization(NetworkObject, Boolean, Boolean, DespawnType, Boolean)
FishNet.Managing.Object.ManagedObjects:DespawnWithoutSynchronization(Boolean, Boolean)
FishNet.Managing.Client.ClientObjects:OnClientConnectionState(ClientConnectionStateArgs)
FishNet.Managing.Client.ClientManager:Transport_OnClientConnectionState(ClientConnectionStateArgs)
FishNet.Transporting.Tugboat.Client.ClientSocket:StopConnection(Nullable`1)
FishNet.Transporting.Tugboat.Tugboat:StopConnection(Boolean)
FishNet.Transporting.FishyEOSPlugin.FishyEOS:Shutdown()
FishNet.Transporting.Tugboat.Tugboat:OnDestroy()

NullReferenceException: Object reference not set to an instance of an object.
Cannot complete action because server is not active. This may also occur if the object is not yet initialized, has deinitialized, or if it does not contain a NetworkObject component.
UnityEngine.DebugLogHandler:Internal_Log(LogType, LogOption, String, Object)
UnityEngine.Logger:Log(LogType, Object)
UnityEngine.Debug:LogWarning(Object)
FishNet.Managing.NetworkManagerExtensions:LogWarning(NetworkManager, String)

Cannot complete action because server is not active. This may also occur if the object is not yet initialized, has deinitialized, or if it does not contain a NetworkObject component.
UnityEngine.DebugLogHandler:Internal_Log(LogType, LogOption, String, Object)
UnityEngine.Logger:Log(LogType, Object)
UnityEngine.Debug:LogWarning(Object)
FishNet.Managing.NetworkManagerExtensions:LogWarning(NetworkManager, String)

NullReferenceException: Object reference not set to an instance of an object.
NullReferenceException: Object reference not set to an instance of an object.
NullReferenceException: Object reference not set to an instance of an object.
NullReferenceException: Object reference not set to an instance of an object.
[Physics::Module] Cleanup current backend.
[Physics::Module] Id: 0xf2b8ea05
Input System module state changed to: ShutdownInProgress.
Input System polling thread stopped.
Input System polling thread exited.
Input System module state changed to: Shutdown.
okeMoveNext(IEnumerator, IntPtr)

DelayAndInitialSync, Waiting for trinket data to sync
UnityEngine.DebugLogHandler:Internal_Log(LogType, LogOption, String, Object)
UnityEngine.Logger:Log(LogType, Object)
UnityEngine.Debug:Log(Object)
<DelayAndInitialSync>d__32:MoveNext()
UnityEngine.SetupCoroutine:InvokeMoveNext(IEnumerator, IntPtr)

DelayAndInitialSync, Waiting for trinket data to sync
UnityEngine.DebugLogHandler:Internal_Log(LogType, LogOption, String, Object)
UnityEngine.Logger:Log(LogType, Object)
UnityEngine.Debug:Log(Object)
<DelayAndInitialSync>d__32:MoveNext()
UnityEngine.SetupCoroutine:InvokeMoveNext(IEnumerator, IntPtr)

DelayAndInitialSync, Waiting for trinket data to sync
UnityEngine.DebugLogHandler:Internal_Log(LogType, LogOption, String, Object)
UnityEngine.Logger:Log(LogType, Object)
UnityEngine.Debug:Log(Object)
<DelayAndInitialSync>d__32:MoveNext()
UnityEngine.SetupCoroutine:InvokeMoveNext(IEnumerator, IntPtr)

DelayAndInitialSync, Waiting for trinket data to sync
UnityEngine.DebugLogHandler:Internal_Log(LogType, LogOption, String, Object)
UnityEngine.Logger:Log(LogType, Object)
UnityEngine.Debug:Log(Object)
<DelayAndInitialSync>d__32:MoveNext()
UnityEngine.SetupCoroutine:InvokeMoveNext(IEnumerator, IntPtr)

DelayAndInitialSync, Waiting for trinket data to sync
UnityEngine.DebugLogHandler:Internal_Log(LogType, LogOption, String, Object)
UnityEngine.Logger:Log(LogType, Object)
UnityEngine.Debug:Log(Object)
<DelayAndInitialSync>d__32:MoveNext()
UnityEngine.SetupCoroutine:InvokeMoveNext(IEnumerator, IntPtr)

DelayAndInitialSync, Waiting for trinket data to sync
UnityEngine.DebugLogHandler:Internal_Log(LogType, LogOption, String, Object)
UnityEngine.Logger:Log(LogType, Object)
UnityEngine.Debug:Log(Object)
<DelayAndInitialSync>d__32:MoveNext()
UnityEngine.SetupCoroutine:InvokeMoveNext(IEnumerator, IntPtr)

DelayAndInitialSync, Waiting for trinket data to sync
UnityEngine.DebugLogHandler:Internal_Log(LogType, LogOption, String, Object)
UnityEngine.Logger:Log(LogType, Object)
UnityEngine.Debug:Log(Object)
<DelayAndInitialSync>d__32:MoveNext()
UnityEngine.SetupCoroutine:InvokeMoveNext(IEnumerator, IntPtr)

DelayAndInitialSync, Waiting for trinket data to sync
UnityEngine.DebugLogHandler:Internal_Log(LogType, LogOption, String, Object)
UnityEngine.Logger:Log(LogType, Object)
UnityEngine.Debug:Log(Object)
<DelayAndInitialSync>d__32:MoveNext()
UnityEngine.SetupCoroutine:InvokeMoveNext(IEnumerator, IntPtr)

DelayAndInitialSync, Waiting for trinket data to sync
UnityEngine.DebugLogHandler:Internal_Log(LogType, LogOption, String, Object)
UnityEngine.Logger:Log(LogType, Object)
UnityEngine.Debug:Log(Object)
<DelayAndInitialSync>d__32:MoveNext()
UnityEngine.SetupCoroutine:InvokeMoveNext(IEnumerator, IntPtr)

DelayAndInitialSync, Waiting for trinket data to sync
UnityEngine.DebugLogHandler:Internal_Log(LogType, LogOption, String, Object)
UnityEngine.Logger:Log(LogType, Object)
UnityEngine.Debug:Log(Object)
<DelayAndInitialSync>d__32:MoveNext()
UnityEngine.SetupCoroutine:InvokeMoveNext(IEnumerator, IntPtr)

DelayAndInitialSync, Waiting for trinket data to sync
UnityEngine.DebugLogHandler:Internal_Log(LogType, LogOption, String, Object)
UnityEngine.Logger:Log(LogType, Object)
UnityEngine.Debug:Log(Object)
<DelayAndInitialSync>d__32:MoveNext()
UnityEngine.SetupCoroutine:InvokeMoveNext(IEnumerator, IntPtr)

DelayAndInitialSync, Waiting for trinket data to sync
UnityEngine.DebugLogHandler:Internal_Log(LogType, LogOption, String, Object)
UnityEngine.Logger:Log(LogType, Object)
UnityEngine.Debug:Log(Object)
<DelayAndInitialSync>d__32:MoveNext()
UnityEngine.SetupCoroutine:InvokeMoveNext(IEnumerator, IntPtr)

DelayAndInitialSync, Waiting for trinket data to sync
UnityEngine.DebugLogHandler:Internal_Log(LogType, LogOption, String, Object)
UnityEngine.Logger:Log(LogType, Object)
UnityEngine.Debug:Log(Object)
<DelayAndInitialSync>d__32:MoveNext()
UnityEngine.SetupCoroutine:InvokeMoveNext(IEnumerator, IntPtr)

DelayAndInitialSync, Waiting for trinket data to sync
UnityEngine.DebugLogHandler:Internal_Log(LogType, LogOption, String, Object)
UnityEngine.Logger:Log(LogType, Object)
UnityEngine.Debug:Log(Object)
<DelayAndInitialSync>d__32:MoveNext()
UnityEngine.SetupCoroutine:InvokeMoveNext(IEnumerator, IntPtr)

DelayAndInitialSync, Waiting for trinket data to sync
UnityEngine.DebugLogHandler:Internal_Log(LogType, LogOption, String, Object)
UnityEngine.Logger:Log(LogType, Object)
UnityEngine.Debug:Log(Object)
<DelayAndInitialSync>d__32:MoveNext()
UnityEngine.SetupCoroutine:InvokeMoveNext(IEnumerator, IntPtr)

DelayAndInitialSync, Waiting for trinket data to sync
UnityEngine.DebugLogHandler:Internal_Log(LogType, LogOption, String, Object)
UnityEngine.Logger:Log(LogType, Object)
UnityEngine.Debug:Log(Object)
<DelayAndInitialSync>d__32:MoveNext()
UnityEngine.SetupCoroutine:InvokeMoveNext(IEnumerator, IntPtr)

DelayAndInitialSync, Waiting for trinket data to sync
UnityEngine.DebugLogHandler:Internal_Log(LogType, LogOption, String, Object)
UnityEngine.Logger:Log(LogType, Object)
UnityEngine.Debug:Log(Object)
<DelayAndInitialSync>d__32:MoveNext()
UnityEngine.SetupCoroutine:InvokeMoveNext(IEnumerator, IntPtr)

DelayAndInitialSync, Waiting for trinket data to sync
UnityEngine.DebugLogHandler:Internal_Log(LogType, LogOption, String, Object)
UnityEngine.Logger:Log(LogType, Object)
UnityEngine.Debug:Log(Object)
<DelayAndInitialSync>d__32:MoveNext()
UnityEngine.SetupCoroutine:InvokeMoveNext(IEnumerator, IntPtr)

DelayAndInitialSync, Waiting for trinket data to sync
UnityEngine.DebugLogHandler:Internal_Log(LogType, LogOption, String, Object)
UnityEngine.Logger:Log(LogType, Object)
UnityEngine.Debug:Log(Object)
<DelayAndInitialSync>d__32:MoveNext()
UnityEngine.SetupCoroutine:InvokeMoveNext(IEnumerator, IntPtr)

DelayAndInitialSync, Waiting for trinket data to sync
UnityEngine.DebugLogHandler:Internal_Log(LogType, LogOption, String, Object)
UnityEngine.Logger:Log(LogType, Object)
UnityEngine.Debug:Log(Object)
<DelayAndInitialSync>d__32:MoveNext()
UnityEngine.SetupCoroutine:InvokeMoveNext(IEnumerator, IntPtr)

DelayAndInitialSync, Waiting for trinket data to sync
UnityEngine.DebugLogHandler:Internal_Log(LogType, LogOption, String, Object)
UnityEngine.Logger:Log(LogType, Object)
UnityEngine.Debug:Log(Object)
<DelayAndInitialSync>d__32:MoveNext()
UnityEngine.SetupCoroutine:InvokeMoveNext(IEnumerator, IntPtr)

DelayAndInitialSync, Waiting for trinket data to sync
UnityEngine.DebugLogHandler:Internal_Log(LogType, LogOption, String, Object)
UnityEngine.Logger:Log(LogType, Object)
UnityEngine.Debug:Log(Object)
<DelayAndInitialSync>d__32:MoveNext()
UnityEngine.SetupCoroutine:InvokeMoveNext(IEnumerator, IntPtr)

DelayAndInitialSync, Waiting for trinket data to sync
UnityEngine.DebugLogHandler:Internal_Log(LogType, LogOption, String, Object)
UnityEngine.Logger:Log(LogType, Object)
UnityEngine.Debug:Log(Object)
<DelayAndInitialSync>d__32:MoveNext()
UnityEngine.SetupCoroutine:InvokeMoveNext(IEnumerator, IntPtr)

DelayAndInitialSync, Waiting for trinket data to sync
UnityEngine.DebugLogHandler:Internal_Log(LogType, LogOption, String, Object)
UnityEngine.Logger:Log(LogType, Object)
UnityEngine.Debug:Log(Object)
<DelayAndInitialSync>d__32:MoveNext()
UnityEngine.SetupCoroutine:InvokeMoveNext(IEnumerator, IntPtr)

DelayAndInitialSync, Waiting for trinket data to sync
UnityEngine.DebugLogHandler:Internal_Log(LogType, LogOption, String, Object)
UnityEngine.Logger:Log(LogType, Object)
UnityEngine.Debug:Log(Object)
<DelayAndInitialSync>d__32:MoveNext()
UnityEngine.SetupCoroutine:InvokeMoveNext(IEnumerator, IntPtr)

DelayAndInitialSync, Waiting for trinket data to sync
UnityEngine.DebugLogHandler:Internal_Log(LogType, LogOption, String, Object)
UnityEngine.Logger:Log(LogType, Object)
UnityEngine.Debug:Log(Object)
<DelayAndInitialSync>d__32:MoveNext()
UnityEngine.SetupCoroutine:InvokeMoveNext(IEnumerator, IntPtr)

DelayAndInitialSync, Waiting for trinket data to sync
UnityEngine.DebugLogHandler:Internal_Log(LogType, LogOption, String, Object)
UnityEngine.Logger:Log(LogType, Object)
UnityEngine.Debug:Log(Object)
<DelayAndInitialSync>d__32:MoveNext()
UnityEngine.SetupCoroutine:InvokeMoveNext(IEnumerator, IntPtr)

DelayAndInitialSync, Waiting for trinket data to sync
UnityEngine.DebugLogHandler:Internal_Log(LogType, LogOption, String, Object)
UnityEngine.Logger:Log(LogType, Object)
UnityEngine.Debug:Log(Object)
<DelayAndInitialSync>d__32:MoveNext()
UnityEngine.SetupCoroutine:InvokeMoveNext(IEnumerator, IntPtr)

DelayAndInitialSync, Waiting for trinket data to sync
UnityEngine.DebugLogHandler:Internal_Log(LogType, LogOption, String, Object)
UnityEngine.Logger:Log(LogType, Object)
UnityEngine.Debug:Log(Object)
<DelayAndInitialSync>d__32:MoveNext()
UnityEngine.SetupCoroutine:InvokeMoveNext(IEnumerator, IntPtr)

DelayAndInitialSync, Waiting for trinket data to sync
UnityEngine.DebugLogHandler:Internal_Log(LogType, LogOption, String, Object)
UnityEngine.Logger:Log(LogType, Object)
UnityEngine.Debug:Log(Object)
<DelayAndInitialSync>d__32:MoveNext()
UnityEngine.SetupCoroutine:InvokeMoveNext(IEnumerator, IntPtr)

DelayAndInitialSync, Waiting for trinket data to sync
UnityEngine.DebugLogHandler:Internal_Log(LogType, LogOption, String, Object)
UnityEngine.Logger:Log(LogType, Object)
UnityEngine.Debug:Log(Object)
<DelayAndInitialSync>d__32:MoveNext()
UnityEngine.SetupCoroutine:InvokeMoveNext(IEnumerator, IntPtr)

Sent trinket data to server: 5
UnityEngine.DebugLogHandler:Internal_Log(LogType, LogOption, String, Object)
UnityEngine.Logger:Log(LogType, Object)
UnityEngine.Debug:Log(Object)
SledTrinketHandler:RpcReader___Cmd_SendTrinketDataToServer___2787328620(PooledReader, Channel, NetworkConnection)
FishNet.Object.NetworkBehaviour:ReadServerRpc(Int32, Boolean, UInt32, PooledReader, NetworkConnection, Channel)
FishNet.Managing.Server.ServerObjects:ParseServerRpc(PooledReader, NetworkConnection, Channel)
FishNet.Managing.Server.ServerManager:ParseReceived(ServerReceivedDataArgs)
FishNet.Managing.Server.ServerManager:Transport_OnServerReceivedData(ServerReceivedDataArgs)
FishNet.Transporting.Tugboat.Tugboat:HandleServerReceivedDataArgs(ServerReceivedDataArgs)
FishNet.Transporting.Tugboat.Server.ServerSocket:IterateIncoming()
FishNet.Managing.Transporting.TransportManager:IterateIncoming(Boolean)
FishNet.Managing.Timing.TimeManager:IncreaseTick()
FishNet.Managing.Timing.TimeManager:TickUpdate()

DelayAndInitialSync, Data synced
UnityEngine.DebugLogHandler:Internal_Log(LogType, LogOption, String, Object)
UnityEngine.Logger:Log(LogType, Object)
UnityEngine.Debug:Log(Object)
<DelayAndInitialSync>d__32:MoveNext()
UnityEngine.SetupCoroutine:InvokeMoveNext(IEnumerator, IntPtr)

Show Players Input Pressed
UnityEngine.DebugLogHandler:Internal_Log(LogType, LogOption, String, Object)
UnityEngine.Logger:Log(LogType, Object)
UnityEngine.Debug:Log(Object)
UiReferenceController:HandleInput_WhenInLobby()
UiReferenceController:Update()

Enabling map 3
UnityEngine.DebugLogHandler:Internal_Log(LogType, LogOption, String, Object)
UnityEngine.Logger:Log(LogType, Object)
UnityEngine.Debug:Log(Object)
PlayerControl:EnableMap(Int32)
UiReferenceController:OpenMenu(UiToggleableMenu)
UiReferenceController:HandleInput_WhenInLobby()
UiReferenceController:Update()

Not selecting anything because we're using KBM
UnityEngine.DebugLogHandler:Internal_Log(LogType, LogOption, String, Object)
UnityEngine.Logger:Log(LogType, Object)
UnityEngine.Debug:Log(Object)
UiReferenceController:OpenMenu(UiToggleableMenu)
UiReferenceController:HandleInput_WhenInLobby()
UiReferenceController:Update()

Show Players Input Pressed
UnityEngine.DebugLogHandler:Internal_Log(LogType, LogOption, String, Object)
UnityEngine.Logger:Log(LogType, Object)
UnityEngine.Debug:Log(Object)
UiReferenceController:HandleInput_WhenInLobby()
UiReferenceController:Update()

Enabling map 0
UnityEngine.DebugLogHandler:Internal_Log(LogType, LogOption, String, Object)
UnityEngine.Logger:Log(LogType, Object)
UnityEngine.Debug:Log(Object)
PlayerControl:EnableMap(Int32)
UiReferenceController:CloseMenu()
UiReferenceController:HandleInput_WhenInLobby()
UiReferenceController:Update()

Paused Input Pressed
UnityEngine.DebugLogHandler:Internal_Log(LogType, LogOption, String, Object)
UnityEngine.Logger:Log(LogType, Object)
UnityEngine.Debug:Log(Object)
UiReferenceController:HandleInput_RegardlessOfNetwork()
UiReferenceController:Update()

UIPanel::ShowPanel() Setting first selectable to (Button) Resume
UnityEngine.DebugLogHandler:Internal_Log(LogType, LogOption, String, Object)
UnityEngine.Logger:Log(LogType, Object)
UnityEngine.Debug:Log(Object)
_Scripts.UI.Components.UIPanel:ShowPanel()
_Scripts.UI.In_Game.UIPausePanel:ShowPanel()
UiReferenceController:OpenMenu(UiToggleableMenu)
UiReferenceController:HandleInput_RegardlessOfNetwork()
UiReferenceController:Update()

Enabling map 3
UnityEngine.DebugLogHandler:Internal_Log(LogType, LogOption, String, Object)
UnityEngine.Logger:Log(LogType, Object)
UnityEngine.Debug:Log(Object)
PlayerControl:EnableMap(Int32)
UiReferenceController:OpenMenu(UiToggleableMenu)
UiReferenceController:HandleInput_RegardlessOfNetwork()
UiReferenceController:Update()

Not selecting anything because we're using KBM
UnityEngine.DebugLogHandler:Internal_Log(LogType, LogOption, String, Object)
UnityEngine.Logger:Log(LogType, Object)
UnityEngine.Debug:Log(Object)
UiReferenceController:OpenMenu(UiToggleableMenu)
UiReferenceController:HandleInput_RegardlessOfNetwork()
UiReferenceController:Update()

[FOCUS_DIAGNOSTIC] Focus changed to: (Button) Resume (UnityEngine.GameObject)
UnityEngine.DebugLogHandler:Internal_Log(LogType, LogOption, String, Object)
UnityEngine.Logger:Log(LogType, Object, Object)
UnityEngine.Debug:Log(Object, Object)
UiReferenceController:UpdateOnChangeSelectedGameObject()
UiReferenceController:Update()

[FOCUS_DIAGNOSTIC] Focus changed to: (Button) view players (UnityEngine.GameObject)
UnityEngine.DebugLogHandler:Internal_Log(LogType, LogOption, String, Object)
UnityEngine.Logger:Log(LogType, Object, Object)
UnityEngine.Debug:Log(Object, Object)
UiReferenceController:UpdateOnChangeSelectedGameObject()
UiReferenceController:Update()

[FOCUS_DIAGNOSTIC] Focus cleared (null)
UnityEngine.DebugLogHandler:Internal_Log(LogType, LogOption, String, Object)
UnityEngine.Logger:Log(LogType, Object)
UnityEngine.Debug:Log(Object)
UiReferenceController:UpdateOnChangeSelectedGameObject()
UiReferenceController:Update()

[FOCUS_DIAGNOSTIC] Focus changed to: (Button) Invite Friends (1) (UnityEngine.GameObject)
UnityEngine.DebugLogHandler:Internal_Log(LogType, LogOption, String, Object)
UnityEngine.Logger:Log(LogType, Object, Object)
UnityEngine.Debug:Log(Object, Object)
UiReferenceController:UpdateOnChangeSelectedGameObject()
UiReferenceController:Update()

[FOCUS_DIAGNOSTIC] Focus cleared (null)
UnityEngine.DebugLogHandler:Internal_Log(LogType, LogOption, String, Object)
UnityEngine.Logger:Log(LogType, Object)
UnityEngine.Debug:Log(Object)
UiReferenceController:UpdateOnChangeSelectedGameObject()
UiReferenceController:Update()

[FOCUS_DIAGNOSTIC] Focus changed to: (Button) toggle mute (UnityEngine.GameObject)
UnityEngine.DebugLogHandler:Internal_Log(LogType, LogOption, String, Object)
UnityEngine.Logger:Log(LogType, Object, Object)
UnityEngine.Debug:Log(Object, Object)
UiReferenceController:UpdateOnChangeSelectedGameObject()
UiReferenceController:Update()

[FOCUS_DIAGNOSTIC] Focus cleared (null)
UnityEngine.DebugLogHandler:Internal_Log(LogType, LogOption, String, Object)
UnityEngine.Logger:Log(LogType, Object)
UnityEngine.Debug:Log(Object)
UiReferenceController:UpdateOnChangeSelectedGameObject()
UiReferenceController:Update()

[FOCUS_DIAGNOSTIC] Focus changed to: (Button) Quit Application (UnityEngine.GameObject)
UnityEngine.DebugLogHandler:Internal_Log(LogType, LogOption, String, Object)
UnityEngine.Logger:Log(LogType, Object, Object)
UnityEngine.Debug:Log(Object, Object)
UiReferenceController:UpdateOnChangeSelectedGameObject()
UiReferenceController:Update()

[FOCUS_DIAGNOSTIC] Focus cleared (null)
UnityEngine.DebugLogHandler:Internal_Log(LogType, LogOption, String, Object)
UnityEngine.Logger:Log(LogType, Object)
UnityEngine.Debug:Log(Object)
UiReferenceController:UpdateOnChangeSelectedGameObject()
UiReferenceController:Update()

[FOCUS_DIAGNOSTIC] Focus changed to: (Button) Quit Application (UnityEngine.GameObject)
UnityEngine.DebugLogHandler:Internal_Log(LogType, LogOption, String, Object)
UnityEngine.Logger:Log(LogType, Object, Object)
UnityEngine.Debug:Log(Object, Object)
UiReferenceController:UpdateOnChangeSelectedGameObject()
UiReferenceController:Update()

[FOCUS_DIAGNOSTIC] Focus cleared (null)
UnityEngine.DebugLogHandler:Internal_Log(LogType, LogOption, String, Object)
UnityEngine.Logger:Log(LogType, Object)
UnityEngine.Debug:Log(Object)
UiReferenceController:UpdateOnChangeSelectedGameObject()
UiReferenceController:Update()

[FOCUS_DIAGNOSTIC] Focus drift detected. Selected: null, expected menu: (Canvas) Pause Menu (off). Refocusing...
UnityEngine.DebugLogHandler:Internal_Log(LogType, LogOption, String, Object)
UnityEngine.Logger:Log(LogType, Object)
UnityEngine.Debug:LogWarning(Object)
UiReferenceController:EnsureTopMenuHasValidSelection()
UiReferenceController:JoystickOnlyUpdate()
UiReferenceController:Update()

[FOCUS_DIAGNOSTIC] Focus changed to: (Button) Resume (UnityEngine.GameObject)
UnityEngine.DebugLogHandler:Internal_Log(LogType, LogOption, String, Object)
UnityEngine.Logger:Log(LogType, Object, Object)
UnityEngine.Debug:Log(Object, Object)
UiReferenceController:UpdateOnChangeSelectedGameObject()
UiReferenceController:Update()

[FOCUS_DIAGNOSTIC] Focus changed to: (Button) view players (UnityEngine.GameObject)
UnityEngine.DebugLogHandler:Internal_Log(LogType, LogOption, String, Object)
UnityEngine.Logger:Log(LogType, Object, Object)
UnityEngine.Debug:Log(Object, Object)
UiReferenceController:UpdateOnChangeSelectedGameObject()
UiReferenceController:Update()

[FOCUS_DIAGNOSTIC] Focus cleared (null)
UnityEngine.DebugLogHandler:Internal_Log(LogType, LogOption, String, Object)
UnityEngine.Logger:Log(LogType, Object)
UnityEngine.Debug:Log(Object)
UiReferenceController:UpdateOnChangeSelectedGameObject()
UiReferenceController:Update()

[FOCUS_DIAGNOSTIC] Focus changed to: (Button) Invite Friends (1) (UnityEngine.GameObject)
UnityEngine.DebugLogHandler:Internal_Log(LogType, LogOption, String, Object)
UnityEngine.Logger:Log(LogType, Object, Object)
UnityEngine.Debug:Log(Object, Object)
UiReferenceController:UpdateOnChangeSelectedGameObject()
UiReferenceController:Update()

[FOCUS_DIAGNOSTIC] Focus cleared (null)
UnityEngine.DebugLogHandler:Internal_Log(LogType, LogOption, String, Object)
UnityEngine.Logger:Log(LogType, Object)
UnityEngine.Debug:Log(Object)
UiReferenceController:UpdateOnChangeSelectedGameObject()
UiReferenceController:Update()

[FOCUS_DIAGNOSTIC] Focus changed to: (Button) toggle mute (UnityEngine.GameObject)
UnityEngine.DebugLogHandler:Internal_Log(LogType, LogOption, String, Object)
UnityEngine.Logger:Log(LogType, Object, Object)
UnityEngine.Debug:Log(Object, Object)
UiReferenceController:UpdateOnChangeSelectedGameObject()
UiReferenceController:Update()

[FOCUS_DIAGNOSTIC] Focus cleared (null)
UnityEngine.DebugLogHandler:Internal_Log(LogType, LogOption, String, Object)
UnityEngine.Logger:Log(LogType, Object)
UnityEngine.Debug:Log(Object)
UiReferenceController:UpdateOnChangeSelectedGameObject()
UiReferenceController:Update()

[FOCUS_DIAGNOSTIC] Focus changed to: (Button) Quit Application (UnityEngine.GameObject)
UnityEngine.DebugLogHandler:Internal_Log(LogType, LogOption, String, Object)
UnityEngine.Logger:Log(LogType, Object, Object)
UnityEngine.Debug:Log(Object, Object)
UiReferenceController:UpdateOnChangeSelectedGameObject()
UiReferenceController:Update()

Not selecting anything because we're using KBM
UnityEngine.DebugLogHandler:Internal_Log(LogType, LogOption, String, Object)
UnityEngine.Logger:Log(LogType, Object)
UnityEngine.Debug:Log(Object)
UiReferenceController:OpenMenu(UiToggleableMenu)
_Scripts.UI.In_Game.UIPausePanel:Button_QuitGame()
UnityEngine.Events.UnityEvent:Invoke()
UnityEngine.EventSystems.ExecuteEvents:Execute(GameObject, BaseEventData, EventFunction`1)
Rewired.Integration.UnityUI.RewiredStandaloneInputModule:ProcessMousePress(MouseButtonEventData)
Rewired.Integration.UnityUI.RewiredStandaloneInputModule:ProcessMouseEvent(Int32, Int32)
Rewired.Integration.UnityUI.RewiredStandaloneInputModule:Process()
UnityEngine.EventSystems.EventSystem:Update()

[FOCUS_DIAGNOSTIC] Focus cleared (null)
UnityEngine.DebugLogHandler:Internal_Log(LogType, LogOption, String, Object)
UnityEngine.Logger:Log(LogType, Object)
UnityEngine.Debug:Log(Object)
UiReferenceController:UpdateOnChangeSelectedGameObject()
UiReferenceController:Update()

[FOCUS_DIAGNOSTIC] Focus changed to: (Button) Yes Quit (UnityEngine.GameObject)
UnityEngine.DebugLogHandler:Internal_Log(LogType, LogOption, String, Object)
UnityEngine.Logger:Log(LogType, Object, Object)
UnityEngine.Debug:Log(Object, Object)
UiReferenceController:UpdateOnChangeSelectedGameObject()
UiReferenceController:Update()

[FOCUS_DIAGNOSTIC] Focus cleared (null)
UnityEngine.DebugLogHandler:Internal_Log(LogType, LogOption, String, Object)
UnityEngine.Logger:Log(LogType, Object)
UnityEngine.Debug:Log(Object)
UiReferenceController:UpdateOnChangeSelectedGameObject()
UiReferenceController:Update()

[FOCUS_DIAGNOSTIC] Focus changed to: (Button) Yes Quit (UnityEngine.GameObject)
UnityEngine.DebugLogHandler:Internal_Log(LogType, LogOption, String, Object)
UnityEngine.Logger:Log(LogType, Object, Object)
UnityEngine.Debug:Log(Object, Object)
UiReferenceController:UpdateOnChangeSelectedGameObject()
UiReferenceController:Update()

NullReferenceException: Object reference not set to an instance of an object.
Stopping server for player 51655
UnityEngine.DebugLogHandler:Internal_Log(LogType, LogOption, String, Object)
UnityEngine.Logger:Log(LogType, Object)
UnityEngine.Debug:Log(Object)
PlayerControl:OnStopServer()
FishNet.Object.NetworkObject:InvokeStopCallbacks(Boolean, Boolean)
FishNet.Object.NetworkObject:OnDestroy()

Could not find player reference to remove with net id: 0
Tried to destroy all built objects for player 0 but they don't exist!
Resetting race variables
UnityEngine.DebugLogHandler:Internal_Log(LogType, LogOption, String, Object)
UnityEngine.Logger:Log(LogType, Object)
UnityEngine.Debug:Log(Object)
PlayerRacingController:OnStopClient()
FishNet.Object.NetworkObject:InvokeStopCallbacks(Boolean, Boolean)
FishNet.Object.NetworkObject:OnDestroy()

NullReferenceException: Object reference not set to an instance of an object.
[2026.05.01 15:21:29] Cannot complete action because server is not active. This may also occur if the object is not yet initialized, has deinitialized, or if it does not contain a NetworkObject component.
UnityEngine.DebugLogHandler:Internal_Log(LogType, LogOption, String, Object)
UnityEngine.Logger:Log(LogType, Object)
UnityEngine.Debug:LogWarning(Object)
FishNet.Managing.Logging.LevelLoggingConfiguration:LogWarning(String)
FishNet.Managing.NetworkManagerExtensions:LogWarning(NetworkManager, String)

[2026.05.01 15:21:29] Cannot complete action because server is not active. This may also occur if the object is not yet initialized, has deinitialized, or if it does not contain a NetworkObject component.
UnityEngine.DebugLogHandler:Internal_Log(LogType, LogOption, String, Object)
UnityEngine.Logger:Log(LogType, Object)
UnityEngine.Debug:LogWarning(Object)
FishNet.Managing.Logging.LevelLoggingConfiguration:LogWarning(String)
FishNet.Managing.NetworkManagerExtensions:LogWarning(NetworkManager, String)

Updating recently played with (Game Ended)
UnityEngine.DebugLogHandler:Internal_Log(LogType, LogOption, String, Object)
UnityEngine.Logger:Log(LogType, Object)
UnityEngine.Debug:Log(Object)
PlayerReferenceManager:OnPlayerReferenceCleared()
PlayerReferenceManager:OnStopClient()
FishNet.Object.NetworkObject:InvokeStopCallbacks(Boolean, Boolean)
FishNet.Object.NetworkObject:OnDestroy()

NullReferenceException: Object reference not set to an instance of an object.
NullReferenceException: Object reference not set to an instance of an object.
NullReferenceException: Object reference not set to an instance of an object.
NullReferenceException: Object reference not set to an instance of an object.
Resetting race variables
UnityEngine.DebugLogHandler:Internal_Log(LogType, LogOption, String, Object)
UnityEngine.Logger:Log(LogType, Object)
UnityEngine.Debug:Log(Object)
PlayerRacingController:OnStopClient()
FishNet.Object.NetworkObject:InvokeStopCallbacks(Boolean, Boolean)
FishNet.Managing.Client.ClientObjects:OnClientConnectionState(ClientConnectionStateArgs)
FishNet.Managing.Client.ClientManager:Transport_OnClientConnectionState(ClientConnectionStateArgs)
FishNet.Transporting.Tugboat.Client.ClientSocket:StopConnection(Nullable`1)
FishNet.Transporting.Tugboat.Tugboat:StopConnection(Boolean)
FishNet.Transporting.FishyEOSPlugin.FishyEOS:Shutdown()
FishNet.Transporting.Tugboat.Tugboat:OnDestroy()

NullReferenceException: Object reference not set to an instance of an object.
[Physics::Module] Cleanup current backend.
[Physics::Module] Id: 0xf2b8ea05
Input System module state changed to: ShutdownInProgress.
Input System polling thread stopped.
Input System polling thread exited.
Input System module state changed to: Shutdown.
